[{"__symbolic":"module","version":4,"metadata":{"BubbleSeriesComponent":{"__symbolic":"class","decorators":[{"__symbolic":"call","expression":{"__symbolic":"reference","module":"@angular/core","name":"Component","line":18,"character":1},"arguments":[{"selector":"g[ngx-charts-bubble-series]","template":"\n    <svg:g *ngFor=\"let circle of circles; trackBy: trackBy\">\n      <svg:g [attr.transform]=\"circle.transform\">\n        <svg:g ngx-charts-circle\n          [@animationState]=\"'active'\"\n          class=\"circle\"\n          [cx]=\"0\"\n          [cy]=\"0\"\n          [r]=\"circle.radius\"\n          [fill]=\"circle.color\"\n          [style.opacity]=\"circle.opacity\"\n          [class.active]=\"circle.isActive\"\n          [pointerEvents]=\"'all'\"\n          [data]=\"circle.value\"\n          [classNames]=\"circle.classNames\"\n          (select)=\"onClick($event, circle.label)\"\n          (activate)=\"activateCircle(circle)\"\n          (deactivate)=\"deactivateCircle(circle)\"\n          ngx-tooltip\n          [tooltipDisabled]=\"tooltipDisabled\"\n          [tooltipPlacement]=\"'top'\"\n          [tooltipType]=\"'tooltip'\"\n          [tooltipTitle]=\"tooltipTemplate ? undefined : getTooltipText(circle)\"\n          [tooltipTemplate]=\"tooltipTemplate\"\n          [tooltipContext]=\"circle.data\"\n        />\n      </svg:g>\n    </svg:g>\n  ","changeDetection":{"__symbolic":"select","expression":{"__symbolic":"reference","module":"@angular/core","name":"ChangeDetectionStrategy","line":49,"character":19},"member":"OnPush"},"animations":[{"__symbolic":"call","expression":{"__symbolic":"reference","module":"@angular/animations","name":"trigger","line":51,"character":4},"arguments":["animationState",[{"__symbolic":"call","expression":{"__symbolic":"reference","module":"@angular/animations","name":"transition","line":52,"character":6},"arguments":[":enter",[{"__symbolic":"call","expression":{"__symbolic":"reference","module":"@angular/animations","name":"style","line":53,"character":8},"arguments":[{"opacity":0,"transform":"scale(0)"}]},{"__symbolic":"call","expression":{"__symbolic":"reference","module":"@angular/animations","name":"animate","line":57,"character":8},"arguments":[250,{"__symbolic":"call","expression":{"__symbolic":"reference","module":"@angular/animations","name":"style","line":57,"character":21},"arguments":[{"opacity":1,"transform":"scale(1)"}]}]}]]}]]}]}]}],"members":{"data":[{"__symbolic":"property","decorators":[{"__symbolic":"call","expression":{"__symbolic":"reference","module":"@angular/core","name":"Input","line":64,"character":3}}]}],"xScale":[{"__symbolic":"property","decorators":[{"__symbolic":"call","expression":{"__symbolic":"reference","module":"@angular/core","name":"Input","line":65,"character":3}}]}],"yScale":[{"__symbolic":"property","decorators":[{"__symbolic":"call","expression":{"__symbolic":"reference","module":"@angular/core","name":"Input","line":66,"character":3}}]}],"rScale":[{"__symbolic":"property","decorators":[{"__symbolic":"call","expression":{"__symbolic":"reference","module":"@angular/core","name":"Input","line":67,"character":3}}]}],"xScaleType":[{"__symbolic":"property","decorators":[{"__symbolic":"call","expression":{"__symbolic":"reference","module":"@angular/core","name":"Input","line":68,"character":3}}]}],"yScaleType":[{"__symbolic":"property","decorators":[{"__symbolic":"call","expression":{"__symbolic":"reference","module":"@angular/core","name":"Input","line":69,"character":3}}]}],"colors":[{"__symbolic":"property","decorators":[{"__symbolic":"call","expression":{"__symbolic":"reference","module":"@angular/core","name":"Input","line":70,"character":3}}]}],"visibleValue":[{"__symbolic":"property","decorators":[{"__symbolic":"call","expression":{"__symbolic":"reference","module":"@angular/core","name":"Input","line":71,"character":3}}]}],"activeEntries":[{"__symbolic":"property","decorators":[{"__symbolic":"call","expression":{"__symbolic":"reference","module":"@angular/core","name":"Input","line":72,"character":3}}]}],"xAxisLabel":[{"__symbolic":"property","decorators":[{"__symbolic":"call","expression":{"__symbolic":"reference","module":"@angular/core","name":"Input","line":73,"character":3}}]}],"yAxisLabel":[{"__symbolic":"property","decorators":[{"__symbolic":"call","expression":{"__symbolic":"reference","module":"@angular/core","name":"Input","line":74,"character":3}}]}],"tooltipDisabled":[{"__symbolic":"property","decorators":[{"__symbolic":"call","expression":{"__symbolic":"reference","module":"@angular/core","name":"Input","line":75,"character":3}}]}],"tooltipTemplate":[{"__symbolic":"property","decorators":[{"__symbolic":"call","expression":{"__symbolic":"reference","module":"@angular/core","name":"Input","line":76,"character":3}}]}],"select":[{"__symbolic":"property","decorators":[{"__symbolic":"call","expression":{"__symbolic":"reference","module":"@angular/core","name":"Output","line":78,"character":3}}]}],"activate":[{"__symbolic":"property","decorators":[{"__symbolic":"call","expression":{"__symbolic":"reference","module":"@angular/core","name":"Output","line":79,"character":3}}]}],"deactivate":[{"__symbolic":"property","decorators":[{"__symbolic":"call","expression":{"__symbolic":"reference","module":"@angular/core","name":"Output","line":80,"character":3}}]}],"ngOnChanges":[{"__symbolic":"method"}],"update":[{"__symbolic":"method"}],"getCircles":[{"__symbolic":"method"}],"getTooltipText":[{"__symbolic":"method"}],"onClick":[{"__symbolic":"method"}],"isActive":[{"__symbolic":"method"}],"isVisible":[{"__symbolic":"method"}],"activateCircle":[{"__symbolic":"method"}],"deactivateCircle":[{"__symbolic":"method"}],"trackBy":[{"__symbolic":"method"}]}}}}]