[{"__symbolic":"module","version":4,"metadata":{"BubbleChartComponent":{"__symbolic":"class","extends":{"__symbolic":"reference","module":"../common/base-chart.component","name":"BaseChartComponent","line":115,"character":42},"decorators":[{"__symbolic":"call","expression":{"__symbolic":"reference","module":"@angular/core","name":"Component","line":26,"character":1},"arguments":[{"selector":"ngx-charts-bubble-chart","template":"\n    <ngx-charts-chart\n      [view]=\"[width, height]\"\n      [showLegend]=\"legend\"\n      [activeEntries]=\"activeEntries\"\n      [legendOptions]=\"legendOptions\"\n      [animations]=\"animations\"\n      (legendLabelClick)=\"onClick($event)\"\n      (legendLabelActivate)=\"onActivate($event)\"\n      (legendLabelDeactivate)=\"onDeactivate($event)\">\n      <svg:defs>\n        <svg:clipPath [attr.id]=\"clipPathId\">\n          <svg:rect\n            [attr.width]=\"dims.width + 10\"\n            [attr.height]=\"dims.height + 10\"\n            [attr.transform]=\"'translate(-5, -5)'\"/>\n        </svg:clipPath>\n      </svg:defs>\n      <svg:g [attr.transform]=\"transform\" class=\"bubble-chart chart\">\n        <svg:g ngx-charts-x-axis\n          *ngIf=\"xAxis\"\n          [showGridLines]=\"showGridLines\"\n          [dims]=\"dims\"\n          [xScale]=\"xScale\"\n          [showLabel]=\"showXAxisLabel\"\n          [labelText]=\"xAxisLabel\"\n          [tickFormatting]=\"xAxisTickFormatting\"\n          [ticks]=\"xAxisTicks\"\n          (dimensionsChanged)=\"updateXAxisHeight($event)\"/>\n        <svg:g ngx-charts-y-axis\n          *ngIf=\"yAxis\"\n          [showGridLines]=\"showGridLines\"\n          [yScale]=\"yScale\"\n          [dims]=\"dims\"\n          [showLabel]=\"showYAxisLabel\"\n          [labelText]=\"yAxisLabel\"\n          [tickFormatting]=\"yAxisTickFormatting\"\n          [ticks]=\"yAxisTicks\"\n          (dimensionsChanged)=\"updateYAxisWidth($event)\"/>\n        <svg:rect\n          class=\"bubble-chart-area\"\n          x=\"0\"\n          y=\"0\"\n          [attr.width]=\"dims.width\"\n          [attr.height]=\"dims.height\"\n          style=\"fill: rgb(255, 0, 0); opacity: 0; cursor: 'auto';\"\n          (mouseenter)=\"deactivateAll()\"\n        />\n        <svg:g [attr.clip-path]=\"clipPath\">\n          <svg:g *ngFor=\"let series of data; trackBy:trackBy\" [@animationState]=\"'active'\">\n            <svg:g ngx-charts-bubble-series\n              [xScale]=\"xScale\"\n              [yScale]=\"yScale\"\n              [rScale]=\"rScale\"\n              [xScaleType]=\"xScaleType\"\n              [yScaleType]=\"yScaleType\"\n              [xAxisLabel]=\"xAxisLabel\"\n              [yAxisLabel]=\"yAxisLabel\"\n              [colors]=\"colors\"\n              [data]=\"series\"\n              [activeEntries]=\"activeEntries\"\n              [tooltipDisabled]=\"tooltipDisabled\"\n              [tooltipTemplate]=\"tooltipTemplate\"\n              (select)=\"onClick($event, series)\"\n              (activate)=\"onActivate($event)\"\n              (deactivate)=\"onDeactivate($event)\" />\n          </svg:g>\n        </svg:g>\n      </svg:g>\n    </ngx-charts-chart>\n  ","styleUrls":["../common/base-chart.component.css"],"changeDetection":{"__symbolic":"select","expression":{"__symbolic":"reference","module":"@angular/core","name":"ChangeDetectionStrategy","line":100,"character":19},"member":"OnPush"},"encapsulation":{"__symbolic":"select","expression":{"__symbolic":"reference","module":"@angular/core","name":"ViewEncapsulation","line":101,"character":17},"member":"None"},"animations":[{"__symbolic":"call","expression":{"__symbolic":"reference","module":"@angular/animations","name":"trigger","line":103,"character":4},"arguments":["animationState",[{"__symbolic":"call","expression":{"__symbolic":"reference","module":"@angular/animations","name":"transition","line":104,"character":6},"arguments":[":leave",[{"__symbolic":"call","expression":{"__symbolic":"reference","module":"@angular/animations","name":"style","line":105,"character":8},"arguments":[{"opacity":1}]},{"__symbolic":"call","expression":{"__symbolic":"reference","module":"@angular/animations","name":"animate","line":108,"character":8},"arguments":[500,{"__symbolic":"call","expression":{"__symbolic":"reference","module":"@angular/animations","name":"style","line":108,"character":21},"arguments":[{"opacity":0}]}]}]]}]]}]}]}],"members":{"showGridLines":[{"__symbolic":"property","decorators":[{"__symbolic":"call","expression":{"__symbolic":"reference","module":"@angular/core","name":"Input","line":116,"character":3}}]}],"legend":[{"__symbolic":"property","decorators":[{"__symbolic":"call","expression":{"__symbolic":"reference","module":"@angular/core","name":"Input","line":117,"character":3}}]}],"legendTitle":[{"__symbolic":"property","decorators":[{"__symbolic":"call","expression":{"__symbolic":"reference","module":"@angular/core","name":"Input","line":118,"character":3}}]}],"legendPosition":[{"__symbolic":"property","decorators":[{"__symbolic":"call","expression":{"__symbolic":"reference","module":"@angular/core","name":"Input","line":119,"character":3}}]}],"xAxis":[{"__symbolic":"property","decorators":[{"__symbolic":"call","expression":{"__symbolic":"reference","module":"@angular/core","name":"Input","line":120,"character":3}}]}],"yAxis":[{"__symbolic":"property","decorators":[{"__symbolic":"call","expression":{"__symbolic":"reference","module":"@angular/core","name":"Input","line":121,"character":3}}]}],"showXAxisLabel":[{"__symbolic":"property","decorators":[{"__symbolic":"call","expression":{"__symbolic":"reference","module":"@angular/core","name":"Input","line":122,"character":3}}]}],"showYAxisLabel":[{"__symbolic":"property","decorators":[{"__symbolic":"call","expression":{"__symbolic":"reference","module":"@angular/core","name":"Input","line":123,"character":3}}]}],"xAxisLabel":[{"__symbolic":"property","decorators":[{"__symbolic":"call","expression":{"__symbolic":"reference","module":"@angular/core","name":"Input","line":124,"character":3}}]}],"yAxisLabel":[{"__symbolic":"property","decorators":[{"__symbolic":"call","expression":{"__symbolic":"reference","module":"@angular/core","name":"Input","line":125,"character":3}}]}],"xAxisTickFormatting":[{"__symbolic":"property","decorators":[{"__symbolic":"call","expression":{"__symbolic":"reference","module":"@angular/core","name":"Input","line":126,"character":3}}]}],"yAxisTickFormatting":[{"__symbolic":"property","decorators":[{"__symbolic":"call","expression":{"__symbolic":"reference","module":"@angular/core","name":"Input","line":127,"character":3}}]}],"xAxisTicks":[{"__symbolic":"property","decorators":[{"__symbolic":"call","expression":{"__symbolic":"reference","module":"@angular/core","name":"Input","line":128,"character":3}}]}],"yAxisTicks":[{"__symbolic":"property","decorators":[{"__symbolic":"call","expression":{"__symbolic":"reference","module":"@angular/core","name":"Input","line":129,"character":3}}]}],"roundDomains":[{"__symbolic":"property","decorators":[{"__symbolic":"call","expression":{"__symbolic":"reference","module":"@angular/core","name":"Input","line":130,"character":3}}]}],"maxRadius":[{"__symbolic":"property","decorators":[{"__symbolic":"call","expression":{"__symbolic":"reference","module":"@angular/core","name":"Input","line":131,"character":3}}]}],"minRadius":[{"__symbolic":"property","decorators":[{"__symbolic":"call","expression":{"__symbolic":"reference","module":"@angular/core","name":"Input","line":132,"character":3}}]}],"autoScale":[{"__symbolic":"property","decorators":[{"__symbolic":"call","expression":{"__symbolic":"reference","module":"@angular/core","name":"Input","line":133,"character":3}}]}],"schemeType":[{"__symbolic":"property","decorators":[{"__symbolic":"call","expression":{"__symbolic":"reference","module":"@angular/core","name":"Input","line":134,"character":3}}]}],"tooltipDisabled":[{"__symbolic":"property","decorators":[{"__symbolic":"call","expression":{"__symbolic":"reference","module":"@angular/core","name":"Input","line":135,"character":3}}]}],"xScaleMin":[{"__symbolic":"property","decorators":[{"__symbolic":"call","expression":{"__symbolic":"reference","module":"@angular/core","name":"Input","line":136,"character":3}}]}],"xScaleMax":[{"__symbolic":"property","decorators":[{"__symbolic":"call","expression":{"__symbolic":"reference","module":"@angular/core","name":"Input","line":137,"character":3}}]}],"yScaleMin":[{"__symbolic":"property","decorators":[{"__symbolic":"call","expression":{"__symbolic":"reference","module":"@angular/core","name":"Input","line":138,"character":3}}]}],"yScaleMax":[{"__symbolic":"property","decorators":[{"__symbolic":"call","expression":{"__symbolic":"reference","module":"@angular/core","name":"Input","line":139,"character":3}}]}],"activate":[{"__symbolic":"property","decorators":[{"__symbolic":"call","expression":{"__symbolic":"reference","module":"@angular/core","name":"Output","line":141,"character":3}}]}],"deactivate":[{"__symbolic":"property","decorators":[{"__symbolic":"call","expression":{"__symbolic":"reference","module":"@angular/core","name":"Output","line":142,"character":3}}]}],"tooltipTemplate":[{"__symbolic":"property","decorators":[{"__symbolic":"call","expression":{"__symbolic":"reference","module":"@angular/core","name":"ContentChild","line":144,"character":3},"arguments":["tooltipTemplate"]}]}],"update":[{"__symbolic":"method"}],"hideCircles":[{"__symbolic":"method","decorators":[{"__symbolic":"call","expression":{"__symbolic":"reference","module":"@angular/core","name":"HostListener","line":223,"character":3},"arguments":["mouseleave"]}]}],"onClick":[{"__symbolic":"method"}],"getBubblePadding":[{"__symbolic":"method"}],"setScales":[{"__symbolic":"method"}],"getYScale":[{"__symbolic":"method"}],"getXScale":[{"__symbolic":"method"}],"getRScale":[{"__symbolic":"method"}],"getLegendOptions":[{"__symbolic":"method"}],"getXDomain":[{"__symbolic":"method"}],"getYDomain":[{"__symbolic":"method"}],"getRDomain":[{"__symbolic":"method"}],"updateYAxisWidth":[{"__symbolic":"method"}],"updateXAxisHeight":[{"__symbolic":"method"}],"onActivate":[{"__symbolic":"method"}],"onDeactivate":[{"__symbolic":"method"}],"deactivateAll":[{"__symbolic":"method"}],"trackBy":[{"__symbolic":"method"}]}}}}]