[{"__symbolic":"module","version":4,"metadata":{"BubbleChartModule":{"__symbolic":"class","decorators":[{"__symbolic":"call","expression":{"__symbolic":"reference","module":"@angular/core","name":"NgModule","line":5,"character":1},"arguments":[{"imports":[{"__symbolic":"reference","module":"../common/chart-common.module","name":"ChartCommonModule","line":6,"character":12}],"declarations":[{"__symbolic":"reference","module":"./bubble-chart.component","name":"BubbleChartComponent","line":8,"character":4},{"__symbolic":"reference","module":"./bubble-series.component","name":"BubbleSeriesComponent","line":9,"character":4}],"exports":[{"__symbolic":"reference","module":"./bubble-chart.component","name":"BubbleChartComponent","line":12,"character":4},{"__symbolic":"reference","module":"./bubble-series.component","name":"BubbleSeriesComponent","line":13,"character":4}]}]}]}}}]