[{"__symbolic":"module","version":4,"metadata":{"ChartCommonModule":{"__symbolic":"class","decorators":[{"__symbolic":"call","expression":{"__symbolic":"reference","module":"@angular/core","name":"NgModule","line":40,"character":1},"arguments":[{"providers":[{"__symbolic":"reference","module":"@angular/common","name":"Location","line":42,"character":4},{"provide":{"__symbolic":"reference","module":"@angular/common","name":"LocationStrategy","line":44,"character":15},"useClass":{"__symbolic":"reference","module":"@angular/common","name":"PathLocationStrategy","line":45,"character":16}}],"imports":[{"__symbolic":"reference","module":"@angular/common","name":"CommonModule","line":49,"character":4},{"__symbolic":"reference","module":"./axes/axes.module","name":"AxesModule","line":50,"character":4},{"__symbolic":"reference","module":"./tooltip","name":"TooltipModule","line":51,"character":4}],"declarations":[{"__symbolic":"reference","module":"./area.component","name":"AreaComponent","line":22,"character":2},{"__symbolic":"reference","module":"./base-chart.component","name":"BaseChartComponent","line":23,"character":2},{"__symbolic":"reference","module":"./count","name":"CountUpDirective","line":24,"character":2},{"__symbolic":"reference","module":"./tooltip-area.component","name":"TooltipArea","line":25,"character":2},{"__symbolic":"reference","module":"./charts/chart.component","name":"ChartComponent","line":26,"character":2},{"__symbolic":"reference","module":"./legend","name":"LegendComponent","line":27,"character":2},{"__symbolic":"reference","module":"./legend","name":"LegendEntryComponent","line":28,"character":2},{"__symbolic":"reference","module":"./legend","name":"ScaleLegendComponent","line":29,"character":2},{"__symbolic":"reference","module":"./circle.component","name":"CircleComponent","line":30,"character":2},{"__symbolic":"reference","module":"./circle-series.component","name":"CircleSeriesComponent","line":31,"character":2},{"__symbolic":"reference","module":"./grid-panel.component","name":"GridPanelComponent","line":32,"character":2},{"__symbolic":"reference","module":"./grid-panel-series.component","name":"GridPanelSeriesComponent","line":33,"character":2},{"__symbolic":"reference","module":"./svg-linear-gradient.component","name":"SvgLinearGradientComponent","line":34,"character":2},{"__symbolic":"reference","module":"./svg-radial-gradient.component","name":"SvgRadialGradientComponent","line":35,"character":2},{"__symbolic":"reference","module":"./timeline","name":"Timeline","line":36,"character":2},{"__symbolic":"reference","module":"./legend","name":"AdvancedLegendComponent","line":37,"character":2}],"exports":[{"__symbolic":"reference","module":"@angular/common","name":"CommonModule","line":57,"character":4},{"__symbolic":"reference","module":"./axes/axes.module","name":"AxesModule","line":58,"character":4},{"__symbolic":"reference","module":"./tooltip","name":"TooltipModule","line":59,"character":4},{"__symbolic":"reference","module":"./area.component","name":"AreaComponent","line":22,"character":2},{"__symbolic":"reference","module":"./base-chart.component","name":"BaseChartComponent","line":23,"character":2},{"__symbolic":"reference","module":"./count","name":"CountUpDirective","line":24,"character":2},{"__symbolic":"reference","module":"./tooltip-area.component","name":"TooltipArea","line":25,"character":2},{"__symbolic":"reference","module":"./charts/chart.component","name":"ChartComponent","line":26,"character":2},{"__symbolic":"reference","module":"./legend","name":"LegendComponent","line":27,"character":2},{"__symbolic":"reference","module":"./legend","name":"LegendEntryComponent","line":28,"character":2},{"__symbolic":"reference","module":"./legend","name":"ScaleLegendComponent","line":29,"character":2},{"__symbolic":"reference","module":"./circle.component","name":"CircleComponent","line":30,"character":2},{"__symbolic":"reference","module":"./circle-series.component","name":"CircleSeriesComponent","line":31,"character":2},{"__symbolic":"reference","module":"./grid-panel.component","name":"GridPanelComponent","line":32,"character":2},{"__symbolic":"reference","module":"./grid-panel-series.component","name":"GridPanelSeriesComponent","line":33,"character":2},{"__symbolic":"reference","module":"./svg-linear-gradient.component","name":"SvgLinearGradientComponent","line":34,"character":2},{"__symbolic":"reference","module":"./svg-radial-gradient.component","name":"SvgRadialGradientComponent","line":35,"character":2},{"__symbolic":"reference","module":"./timeline","name":"Timeline","line":36,"character":2},{"__symbolic":"reference","module":"./legend","name":"AdvancedLegendComponent","line":37,"character":2}]}]}]}}}]