[{"__symbolic":"module","version":4,"metadata":{"CircleSeriesComponent":{"__symbolic":"class","decorators":[{"__symbolic":"call","expression":{"__symbolic":"reference","module":"@angular/core","name":"Component","line":21,"character":1},"arguments":[{"selector":"g[ngx-charts-circle-series]","template":"\n    <svg:g *ngIf=\"circle\">\n      <defs>\n        <svg:g ngx-charts-svg-linear-gradient\n          orientation=\"vertical\"\n          [name]=\"gradientId\"\n          [stops]=\"circle.gradientStops\"\n        />\n      </defs>\n      <svg:rect\n        *ngIf=\"barVisible && type === 'standard'\"\n        [@animationState]=\"'active'\"\n        [attr.x]=\"circle.cx - circle.radius\"\n        [attr.y]=\"circle.cy\"\n        [attr.width]=\"circle.radius * 2\"\n        [attr.height]=\"circle.height\"\n        [attr.fill]=\"gradientFill\"\n        class=\"tooltip-bar\"\n      />\n      <svg:g ngx-charts-circle\n        class=\"circle\"\n        [cx]=\"circle.cx\"\n        [cy]=\"circle.cy\"\n        [r]=\"circle.radius\"\n        [fill]=\"circle.color\"\n        [class.active]=\"isActive({name: circle.seriesName})\"\n        [pointerEvents]=\"circle.value === 0 ? 'none': 'all'\"\n        [data]=\"circle.value\"\n        [classNames]=\"circle.classNames\"\n        (select)=\"onClick($event, circle.label)\"\n        (activate)=\"activateCircle()\"\n        (deactivate)=\"deactivateCircle()\"\n        ngx-tooltip\n        [tooltipDisabled]=\"tooltipDisabled\"\n        [tooltipPlacement]=\"'top'\"\n        [tooltipType]=\"'tooltip'\"\n        [tooltipTitle]=\"tooltipTemplate ? undefined : getTooltipText(circle)\"\n        [tooltipTemplate]=\"tooltipTemplate\"\n        [tooltipContext]=\"circle.data\"\n      />\n    </svg:g>\n  ","changeDetection":{"__symbolic":"select","expression":{"__symbolic":"reference","module":"@angular/core","name":"ChangeDetectionStrategy","line":65,"character":19},"member":"OnPush"},"animations":[{"__symbolic":"call","expression":{"__symbolic":"reference","module":"@angular/animations","name":"trigger","line":67,"character":4},"arguments":["animationState",[{"__symbolic":"call","expression":{"__symbolic":"reference","module":"@angular/animations","name":"transition","line":68,"character":6},"arguments":[":enter",[{"__symbolic":"call","expression":{"__symbolic":"reference","module":"@angular/animations","name":"style","line":69,"character":8},"arguments":[{"opacity":0}]},{"__symbolic":"call","expression":{"__symbolic":"reference","module":"@angular/animations","name":"animate","line":72,"character":8},"arguments":[250,{"__symbolic":"call","expression":{"__symbolic":"reference","module":"@angular/animations","name":"style","line":72,"character":21},"arguments":[{"opacity":1}]}]}]]}]]}]}]}],"members":{"data":[{"__symbolic":"property","decorators":[{"__symbolic":"call","expression":{"__symbolic":"reference","module":"@angular/core","name":"Input","line":79,"character":3}}]}],"type":[{"__symbolic":"property","decorators":[{"__symbolic":"call","expression":{"__symbolic":"reference","module":"@angular/core","name":"Input","line":80,"character":3}}]}],"xScale":[{"__symbolic":"property","decorators":[{"__symbolic":"call","expression":{"__symbolic":"reference","module":"@angular/core","name":"Input","line":81,"character":3}}]}],"yScale":[{"__symbolic":"property","decorators":[{"__symbolic":"call","expression":{"__symbolic":"reference","module":"@angular/core","name":"Input","line":82,"character":3}}]}],"colors":[{"__symbolic":"property","decorators":[{"__symbolic":"call","expression":{"__symbolic":"reference","module":"@angular/core","name":"Input","line":83,"character":3}}]}],"scaleType":[{"__symbolic":"property","decorators":[{"__symbolic":"call","expression":{"__symbolic":"reference","module":"@angular/core","name":"Input","line":84,"character":3}}]}],"visibleValue":[{"__symbolic":"property","decorators":[{"__symbolic":"call","expression":{"__symbolic":"reference","module":"@angular/core","name":"Input","line":85,"character":3}}]}],"activeEntries":[{"__symbolic":"property","decorators":[{"__symbolic":"call","expression":{"__symbolic":"reference","module":"@angular/core","name":"Input","line":86,"character":3}}]}],"tooltipDisabled":[{"__symbolic":"property","decorators":[{"__symbolic":"call","expression":{"__symbolic":"reference","module":"@angular/core","name":"Input","line":87,"character":3}}]}],"tooltipTemplate":[{"__symbolic":"property","decorators":[{"__symbolic":"call","expression":{"__symbolic":"reference","module":"@angular/core","name":"Input","line":88,"character":3}}]}],"select":[{"__symbolic":"property","decorators":[{"__symbolic":"call","expression":{"__symbolic":"reference","module":"@angular/core","name":"Output","line":90,"character":3}}]}],"activate":[{"__symbolic":"property","decorators":[{"__symbolic":"call","expression":{"__symbolic":"reference","module":"@angular/core","name":"Output","line":91,"character":3}}]}],"deactivate":[{"__symbolic":"property","decorators":[{"__symbolic":"call","expression":{"__symbolic":"reference","module":"@angular/core","name":"Output","line":92,"character":3}}]}],"ngOnInit":[{"__symbolic":"method"}],"ngOnChanges":[{"__symbolic":"method"}],"update":[{"__symbolic":"method"}],"getActiveCircle":[{"__symbolic":"method"}],"mapDataPointToCircle":[{"__symbolic":"method"}],"getTooltipText":[{"__symbolic":"method"}],"getTooltipMinMaxText":[{"__symbolic":"method"}],"getGradientStops":[{"__symbolic":"method"}],"onClick":[{"__symbolic":"method"}],"isActive":[{"__symbolic":"method"}],"activateCircle":[{"__symbolic":"method"}],"deactivateCircle":[{"__symbolic":"method"}]}}}}]