[{"__symbolic":"module","version":4,"metadata":{"GridPanelSeriesComponent":{"__symbolic":"class","decorators":[{"__symbolic":"call","expression":{"__symbolic":"reference","module":"@angular/core","name":"Component","line":2,"character":1},"arguments":[{"selector":"g[ngx-charts-grid-panel-series]","template":"\n    <svg:g ngx-charts-grid-panel *ngFor=\"let gridPanel of gridPanels\"\n      [height]=\"gridPanel.height\"\n      [width]=\"gridPanel.width\"\n      [x]=\"gridPanel.x\"\n      [y]=\"gridPanel.y\"\n      [class.grid-panel]=\"true\"\n      [class.odd]=\"gridPanel.class === 'odd'\"\n      [class.even]=\"gridPanel.class === 'even'\">\n    </svg:g>\n  ","changeDetection":{"__symbolic":"select","expression":{"__symbolic":"reference","module":"@angular/core","name":"ChangeDetectionStrategy","line":15,"character":19},"member":"OnPush"}}]}],"members":{"data":[{"__symbolic":"property","decorators":[{"__symbolic":"call","expression":{"__symbolic":"reference","module":"@angular/core","name":"Input","line":20,"character":3}}]}],"dims":[{"__symbolic":"property","decorators":[{"__symbolic":"call","expression":{"__symbolic":"reference","module":"@angular/core","name":"Input","line":23,"character":3}}]}],"xScale":[{"__symbolic":"property","decorators":[{"__symbolic":"call","expression":{"__symbolic":"reference","module":"@angular/core","name":"Input","line":26,"character":3}}]}],"yScale":[{"__symbolic":"property","decorators":[{"__symbolic":"call","expression":{"__symbolic":"reference","module":"@angular/core","name":"Input","line":29,"character":3}}]}],"orient":[{"__symbolic":"property","decorators":[{"__symbolic":"call","expression":{"__symbolic":"reference","module":"@angular/core","name":"Input","line":32,"character":3}}]}],"ngOnChanges":[{"__symbolic":"method"}],"update":[{"__symbolic":"method"}],"getGridPanels":[{"__symbolic":"method"}]}}}}]