[{"__symbolic":"module","version":4,"metadata":{},"exports":[{"from":"./chart-common.module"},{"from":"./legend"},{"from":"./tooltip"},{"from":"./axes"},{"from":"./count"},{"from":"./timeline"},{"from":"./color.helper"},{"from":"./charts"},{"from":"./area.component"},{"from":"./base-chart.component"},{"from":"./circle.component"},{"from":"./circle-series.component"},{"from":"./grid-layout.helper"},{"from":"./grid-panel.component"},{"from":"./grid-panel-series.component"},{"from":"./svg-linear-gradient.component"},{"from":"./svg-radial-gradient.component"},{"from":"./tooltip-area.component"},{"from":"./tick-format.helper"},{"from":"./trim-label.helper"},{"from":"./view-dimensions.helper"},{"from":"./label.helper"},{"from":"./domain.helper"}]}]