[{"__symbolic":"module","version":4,"metadata":{"SvgRadialGradientComponent":{"__symbolic":"class","decorators":[{"__symbolic":"call","expression":{"__symbolic":"reference","module":"@angular/core","name":"Component","line":4,"character":1},"arguments":[{"selector":"g[ngx-charts-svg-radial-gradient]","template":"\n    <svg:radialGradient\n      [id]=\"name\"\n      [attr.cx]=\"cx\"\n      [attr.cy]=\"cy\"\n      [attr.r]=\"r\"\n      gradientUnits=\"userSpaceOnUse\">\n      <svg:stop *ngFor=\"let stop of stops\"\n        [attr.offset]=\"stop.offset + '%'\"\n        [style.stop-color]=\"stop.color\"\n        [style.stop-opacity]=\"stop.opacity\"\n      />\n    </svg:radialGradient>\n  ","changeDetection":{"__symbolic":"select","expression":{"__symbolic":"reference","module":"@angular/core","name":"ChangeDetectionStrategy","line":20,"character":19},"member":"OnPush"}}]}],"members":{"color":[{"__symbolic":"property","decorators":[{"__symbolic":"call","expression":{"__symbolic":"reference","module":"@angular/core","name":"Input","line":24,"character":3}}]}],"name":[{"__symbolic":"property","decorators":[{"__symbolic":"call","expression":{"__symbolic":"reference","module":"@angular/core","name":"Input","line":25,"character":3}}]}],"startOpacity":[{"__symbolic":"property","decorators":[{"__symbolic":"call","expression":{"__symbolic":"reference","module":"@angular/core","name":"Input","line":26,"character":3}}]}],"endOpacity":[{"__symbolic":"property","decorators":[{"__symbolic":"call","expression":{"__symbolic":"reference","module":"@angular/core","name":"Input","line":27,"character":3}}]}],"cx":[{"__symbolic":"property","decorators":[{"__symbolic":"call","expression":{"__symbolic":"reference","module":"@angular/core","name":"Input","line":28,"character":3}}]}],"cy":[{"__symbolic":"property","decorators":[{"__symbolic":"call","expression":{"__symbolic":"reference","module":"@angular/core","name":"Input","line":29,"character":3}}]}],"stops":[{"__symbolic":"property","decorators":[{"__symbolic":"call","expression":{"__symbolic":"reference","module":"@angular/core","name":"Input","line":31,"character":3}}]}],"ngOnChanges":[{"__symbolic":"method"}]}}}}]