[{"__symbolic":"module","version":4,"metadata":{"SvgLinearGradientComponent":{"__symbolic":"class","decorators":[{"__symbolic":"call","expression":{"__symbolic":"reference","module":"@angular/core","name":"Component","line":8,"character":1},"arguments":[{"selector":"g[ngx-charts-svg-linear-gradient]","template":"\n    <svg:linearGradient\n      [id]=\"name\"\n      [attr.x1]=\"x1\"\n      [attr.y1]=\"y1\"\n      [attr.x2]=\"x2\"\n      [attr.y2]=\"y2\">\n      <svg:stop *ngFor=\"let stop of stops\"\n        [attr.offset]=\"stop.offset + '%'\"\n        [style.stop-color]=\"stop.color\"\n        [style.stop-opacity]=\"stop.opacity\"\n      />\n    </svg:linearGradient>\n  ","changeDetection":{"__symbolic":"select","expression":{"__symbolic":"reference","module":"@angular/core","name":"ChangeDetectionStrategy","line":24,"character":19},"member":"OnPush"}}]}],"members":{"orientation":[{"__symbolic":"property","decorators":[{"__symbolic":"call","expression":{"__symbolic":"reference","module":"@angular/core","name":"Input","line":28,"character":3}}]}],"name":[{"__symbolic":"property","decorators":[{"__symbolic":"call","expression":{"__symbolic":"reference","module":"@angular/core","name":"Input","line":29,"character":3}}]}],"stops":[{"__symbolic":"property","decorators":[{"__symbolic":"call","expression":{"__symbolic":"reference","module":"@angular/core","name":"Input","line":30,"character":3}}]}],"ngOnChanges":[{"__symbolic":"method"}]}}}}]