[{"__symbolic":"module","version":4,"metadata":{"TooltipArea":{"__symbolic":"class","decorators":[{"__symbolic":"call","expression":{"__symbolic":"reference","module":"@angular/core","name":"Component","line":17,"character":1},"arguments":[{"selector":"g[ngx-charts-tooltip-area]","template":"\n    <svg:g>\n      <svg:rect\n        class=\"tooltip-area\"\n        [attr.x]=\"0\"\n        y=\"0\"\n        [attr.width]=\"dims.width\"\n        [attr.height]=\"dims.height\"\n        style=\"opacity: 0; cursor: 'auto';\"\n        (mousemove)=\"mouseMove($event)\"\n        (mouseleave)=\"hideTooltip()\"\n      />\n      <xhtml:ng-template #defaultTooltipTemplate let-model=\"model\">\n        <xhtml:div class=\"area-tooltip-container\">\n          <xhtml:div\n            *ngFor=\"let tooltipItem of model\"\n            class=\"tooltip-item\">\n            <span\n              class=\"tooltip-item-color\"\n              [style.background-color]=\"tooltipItem.color\">\n            </span>\n            {{getToolTipText(tooltipItem)}}\n          </xhtml:div>\n        </xhtml:div>\n      </xhtml:ng-template>\n      <svg:rect\n        #tooltipAnchor\n        [@animationState]=\"anchorOpacity !== 0 ? 'active' : 'inactive'\"\n        class=\"tooltip-anchor\"\n        [attr.x]=\"anchorPos\"\n        y=\"0\"\n        [attr.width]=\"1\"\n        [attr.height]=\"dims.height\"\n        [style.opacity]=\"anchorOpacity\"\n        [style.pointer-events]=\"'none'\"\n        ngx-tooltip\n        [tooltipDisabled]=\"tooltipDisabled\"\n        [tooltipPlacement]=\"'right'\"\n        [tooltipType]=\"'tooltip'\"\n        [tooltipSpacing]=\"15\"\n        [tooltipTemplate]=\"tooltipTemplate ? tooltipTemplate: defaultTooltipTemplate\"\n        [tooltipContext]=\"anchorValues\"\n        [tooltipImmediateExit]=\"true\"\n      />\n    </svg:g>\n  ","changeDetection":{"__symbolic":"select","expression":{"__symbolic":"reference","module":"@angular/core","name":"ChangeDetectionStrategy","line":65,"character":19},"member":"OnPush"},"animations":[{"__symbolic":"call","expression":{"__symbolic":"reference","module":"@angular/animations","name":"trigger","line":67,"character":4},"arguments":["animationState",[{"__symbolic":"call","expression":{"__symbolic":"reference","module":"@angular/animations","name":"transition","line":68,"character":6},"arguments":["inactive => active",[{"__symbolic":"call","expression":{"__symbolic":"reference","module":"@angular/animations","name":"style","line":69,"character":8},"arguments":[{"opacity":0}]},{"__symbolic":"call","expression":{"__symbolic":"reference","module":"@angular/animations","name":"animate","line":72,"character":8},"arguments":[250,{"__symbolic":"call","expression":{"__symbolic":"reference","module":"@angular/animations","name":"style","line":72,"character":21},"arguments":[{"opacity":0.7}]}]}]]},{"__symbolic":"call","expression":{"__symbolic":"reference","module":"@angular/animations","name":"transition","line":74,"character":6},"arguments":["active => inactive",[{"__symbolic":"call","expression":{"__symbolic":"reference","module":"@angular/animations","name":"style","line":75,"character":8},"arguments":[{"opacity":0.7}]},{"__symbolic":"call","expression":{"__symbolic":"reference","module":"@angular/animations","name":"animate","line":78,"character":8},"arguments":[250,{"__symbolic":"call","expression":{"__symbolic":"reference","module":"@angular/animations","name":"style","line":78,"character":21},"arguments":[{"opacity":0}]}]}]]}]]}]}]}],"members":{"dims":[{"__symbolic":"property","decorators":[{"__symbolic":"call","expression":{"__symbolic":"reference","module":"@angular/core","name":"Input","line":89,"character":3}}]}],"xSet":[{"__symbolic":"property","decorators":[{"__symbolic":"call","expression":{"__symbolic":"reference","module":"@angular/core","name":"Input","line":90,"character":3}}]}],"xScale":[{"__symbolic":"property","decorators":[{"__symbolic":"call","expression":{"__symbolic":"reference","module":"@angular/core","name":"Input","line":91,"character":3}}]}],"yScale":[{"__symbolic":"property","decorators":[{"__symbolic":"call","expression":{"__symbolic":"reference","module":"@angular/core","name":"Input","line":92,"character":3}}]}],"results":[{"__symbolic":"property","decorators":[{"__symbolic":"call","expression":{"__symbolic":"reference","module":"@angular/core","name":"Input","line":93,"character":3}}]}],"colors":[{"__symbolic":"property","decorators":[{"__symbolic":"call","expression":{"__symbolic":"reference","module":"@angular/core","name":"Input","line":94,"character":3}}]}],"showPercentage":[{"__symbolic":"property","decorators":[{"__symbolic":"call","expression":{"__symbolic":"reference","module":"@angular/core","name":"Input","line":95,"character":3}}]}],"tooltipDisabled":[{"__symbolic":"property","decorators":[{"__symbolic":"call","expression":{"__symbolic":"reference","module":"@angular/core","name":"Input","line":96,"character":3}}]}],"tooltipTemplate":[{"__symbolic":"property","decorators":[{"__symbolic":"call","expression":{"__symbolic":"reference","module":"@angular/core","name":"Input","line":97,"character":3}}]}],"hover":[{"__symbolic":"property","decorators":[{"__symbolic":"call","expression":{"__symbolic":"reference","module":"@angular/core","name":"Output","line":99,"character":3}}]}],"tooltipAnchor":[{"__symbolic":"property","decorators":[{"__symbolic":"call","expression":{"__symbolic":"reference","module":"@angular/core","name":"ViewChild","line":101,"character":3},"arguments":["tooltipAnchor"]}]}],"getValues":[{"__symbolic":"method"}],"mouseMove":[{"__symbolic":"method"}],"findClosestPointIndex":[{"__symbolic":"method"}],"showTooltip":[{"__symbolic":"method"}],"hideTooltip":[{"__symbolic":"method"}],"getToolTipText":[{"__symbolic":"method"}]}}}}]