[{"__symbolic":"module","version":4,"metadata":{"sortLinear":{"__symbolic":"function","parameters":["data","property","direction"],"value":{"__symbolic":"call","expression":{"__symbolic":"select","expression":{"__symbolic":"reference","name":"data"},"member":"sort"},"arguments":[{"__symbolic":"error","message":"Lambda not supported","line":1,"character":19}]},"defaults":[null,null,"asc"]},"sortByDomain":{"__symbolic":"function","parameters":["data","property","direction","domain"],"value":{"__symbolic":"call","expression":{"__symbolic":"select","expression":{"__symbolic":"reference","name":"data"},"member":"sort"},"arguments":[{"__symbolic":"error","message":"Lambda not supported","line":11,"character":19}]},"defaults":[null,null,"asc",null]},"sortByTime":{"__symbolic":"function","parameters":["data","property","direction"],"value":{"__symbolic":"call","expression":{"__symbolic":"select","expression":{"__symbolic":"reference","name":"data"},"member":"sort"},"arguments":[{"__symbolic":"error","message":"Lambda not supported","line":27,"character":19}]},"defaults":[null,null,"asc"]}}}]