[{"__symbolic":"module","version":4,"metadata":{"isDate":{"__symbolic":"function","parameters":["value"],"value":{"__symbolic":"binop","operator":"===","left":{"__symbolic":"call","expression":{"__symbolic":"select","expression":{"__symbolic":"reference","name":"toString"},"member":"call"},"arguments":[{"__symbolic":"reference","name":"value"}]},"right":"[object Date]"}},"isNumber":{"__symbolic":"function","parameters":["value"],"value":{"__symbolic":"binop","operator":"===","left":{"__symbolic":"error","message":"Expression form not supported","line":6,"character":9},"right":"number"}}}}]