[{"__symbolic":"module","version":4,"metadata":{"VisibilityObserver":{"__symbolic":"class","members":{"visible":[{"__symbolic":"property","decorators":[{"__symbolic":"call","expression":{"__symbolic":"reference","module":"@angular/core","name":"Output","line":7,"character":3}}]}],"__ctor__":[{"__symbolic":"constructor","parameters":[{"__symbolic":"reference","name":"any"},{"__symbolic":"reference","module":"@angular/core","name":"NgZone","line":12,"character":50}]}],"destroy":[{"__symbolic":"method"}],"onVisibilityChange":[{"__symbolic":"method"}],"runCheck":[{"__symbolic":"method"}]}}}}]