[{"__symbolic":"module","version":4,"metadata":{"AreaChartModule":{"__symbolic":"class","decorators":[{"__symbolic":"call","expression":{"__symbolic":"reference","module":"@angular/core","name":"NgModule","line":7,"character":1},"arguments":[{"imports":[{"__symbolic":"reference","module":"../common/chart-common.module","name":"ChartCommonModule","line":8,"character":12}],"declarations":[{"__symbolic":"reference","module":"./area-chart.component","name":"AreaChartComponent","line":10,"character":4},{"__symbolic":"reference","module":"./area-chart-normalized.component","name":"AreaChartNormalizedComponent","line":11,"character":4},{"__symbolic":"reference","module":"./area-chart-stacked.component","name":"AreaChartStackedComponent","line":12,"character":4},{"__symbolic":"reference","module":"./area-series.component","name":"AreaSeriesComponent","line":13,"character":4}],"exports":[{"__symbolic":"reference","module":"./area-chart.component","name":"AreaChartComponent","line":16,"character":4},{"__symbolic":"reference","module":"./area-chart-normalized.component","name":"AreaChartNormalizedComponent","line":17,"character":4},{"__symbolic":"reference","module":"./area-chart-stacked.component","name":"AreaChartStackedComponent","line":18,"character":4},{"__symbolic":"reference","module":"./area-series.component","name":"AreaSeriesComponent","line":19,"character":4}]}]}]}}}]