[{"__symbolic":"module","version":4,"metadata":{"AreaChartComponent":{"__symbolic":"class","extends":{"__symbolic":"reference","module":"../common/base-chart.component","name":"BaseChartComponent","line":142,"character":40},"decorators":[{"__symbolic":"call","expression":{"__symbolic":"reference","module":"@angular/core","name":"Component","line":20,"character":1},"arguments":[{"selector":"ngx-charts-area-chart","template":"\n    <ngx-charts-chart\n      [view]=\"[width, height]\"\n      [showLegend]=\"legend\"\n      [legendOptions]=\"legendOptions\"\n      [activeEntries]=\"activeEntries\"\n      [animations]=\"animations\"\n      (legendLabelClick)=\"onClick($event)\"\n      (legendLabelActivate)=\"onActivate($event)\"\n      (legendLabelDeactivate)=\"onDeactivate($event)\">\n      <svg:defs>\n        <svg:clipPath [attr.id]=\"clipPathId\">\n          <svg:rect\n            [attr.width]=\"dims.width + 10\"\n            [attr.height]=\"dims.height + 10\"\n            [attr.transform]=\"'translate(-5, -5)'\"/>\n        </svg:clipPath>\n      </svg:defs>\n      <svg:g [attr.transform]=\"transform\" class=\"area-chart chart\">\n        <svg:g ngx-charts-x-axis\n          *ngIf=\"xAxis\"\n          [xScale]=\"xScale\"\n          [dims]=\"dims\"\n          [showGridLines]=\"showGridLines\"\n          [showLabel]=\"showXAxisLabel\"\n          [labelText]=\"xAxisLabel\"\n          [tickFormatting]=\"xAxisTickFormatting\"\n          [ticks]=\"xAxisTicks\"\n          (dimensionsChanged)=\"updateXAxisHeight($event)\">\n        </svg:g>\n        <svg:g ngx-charts-y-axis\n          *ngIf=\"yAxis\"\n          [yScale]=\"yScale\"\n          [dims]=\"dims\"\n          [showGridLines]=\"showGridLines\"\n          [showLabel]=\"showYAxisLabel\"\n          [labelText]=\"yAxisLabel\"\n          [tickFormatting]=\"yAxisTickFormatting\"\n          [ticks]=\"yAxisTicks\"\n          (dimensionsChanged)=\"updateYAxisWidth($event)\">\n        </svg:g>\n        <svg:g [attr.clip-path]=\"clipPath\">\n          <svg:g *ngFor=\"let series of results; trackBy:trackBy\">\n            <svg:g ngx-charts-area-series\n              [xScale]=\"xScale\"\n              [yScale]=\"yScale\"\n              [baseValue]=\"baseValue\"\n              [colors]=\"colors\"\n              [data]=\"series\"\n              [activeEntries]=\"activeEntries\"\n              [scaleType]=\"scaleType\"\n              [gradient]=\"gradient\"\n              [curve]=\"curve\"\n              [animations]=\"animations\"\n            />\n          </svg:g>\n\n          <svg:g *ngIf=\"!tooltipDisabled\" (mouseleave)=\"hideCircles()\">\n            <svg:g ngx-charts-tooltip-area\n              [dims]=\"dims\"\n              [xSet]=\"xSet\"\n              [xScale]=\"xScale\"\n              [yScale]=\"yScale\"\n              [results]=\"results\"\n              [colors]=\"colors\"\n              [tooltipDisabled]=\"tooltipDisabled\"\n              [tooltipTemplate]=\"seriesTooltipTemplate\"\n              (hover)=\"updateHoveredVertical($event)\"\n            />\n\n            <svg:g *ngFor=\"let series of results\">\n              <svg:g ngx-charts-circle-series\n                [xScale]=\"xScale\"\n                [yScale]=\"yScale\"\n                [colors]=\"colors\"\n                [activeEntries]=\"activeEntries\"\n                [data]=\"series\"\n                [scaleType]=\"scaleType\"\n                [visibleValue]=\"hoveredVertical\"\n                [tooltipDisabled]=\"tooltipDisabled\"\n                [tooltipTemplate]=\"tooltipTemplate\"\n                (select)=\"onClick($event, series)\"\n                (activate)=\"onActivate($event)\"\n                (deactivate)=\"onDeactivate($event)\"\n              />\n            </svg:g>\n          </svg:g>\n        </svg:g>\n      </svg:g>\n      <svg:g ngx-charts-timeline\n        *ngIf=\"timeline && scaleType != 'ordinal'\"\n        [attr.transform]=\"timelineTransform\"\n        [results]=\"results\"\n        [view]=\"[timelineWidth, height]\"\n        [height]=\"timelineHeight\"\n        [scheme]=\"scheme\"\n        [customColors]=\"customColors\"\n        [legend]=\"legend\"\n        [scaleType]=\"scaleType\"\n        (onDomainChange)=\"updateDomain($event)\">\n        <svg:g *ngFor=\"let series of results; trackBy:trackBy\">\n          <svg:g ngx-charts-area-series\n            [xScale]=\"timelineXScale\"\n            [yScale]=\"timelineYScale\"\n            [baseValue]=\"baseValue\"\n            [colors]=\"colors\"\n            [data]=\"series\"\n            [scaleType]=\"scaleType\"\n            [gradient]=\"gradient\"\n            [curve]=\"curve\"\n            [animations]=\"animations\"\n          />\n        </svg:g>\n      </svg:g>\n    </ngx-charts-chart>\n  ","changeDetection":{"__symbolic":"select","expression":{"__symbolic":"reference","module":"@angular/core","name":"ChangeDetectionStrategy","line":138,"character":19},"member":"OnPush"},"styleUrls":["../common/base-chart.component.css"],"encapsulation":{"__symbolic":"select","expression":{"__symbolic":"reference","module":"@angular/core","name":"ViewEncapsulation","line":140,"character":17},"member":"None"}}]}],"members":{"legend":[{"__symbolic":"property","decorators":[{"__symbolic":"call","expression":{"__symbolic":"reference","module":"@angular/core","name":"Input","line":144,"character":3}}]}],"legendTitle":[{"__symbolic":"property","decorators":[{"__symbolic":"call","expression":{"__symbolic":"reference","module":"@angular/core","name":"Input","line":145,"character":3}}]}],"legendPosition":[{"__symbolic":"property","decorators":[{"__symbolic":"call","expression":{"__symbolic":"reference","module":"@angular/core","name":"Input","line":146,"character":3}}]}],"state":[{"__symbolic":"property","decorators":[{"__symbolic":"call","expression":{"__symbolic":"reference","module":"@angular/core","name":"Input","line":147,"character":3}}]}],"xAxis":[{"__symbolic":"property","decorators":[{"__symbolic":"call","expression":{"__symbolic":"reference","module":"@angular/core","name":"Input","line":148,"character":3}}]}],"yAxis":[{"__symbolic":"property","decorators":[{"__symbolic":"call","expression":{"__symbolic":"reference","module":"@angular/core","name":"Input","line":149,"character":3}}]}],"baseValue":[{"__symbolic":"property","decorators":[{"__symbolic":"call","expression":{"__symbolic":"reference","module":"@angular/core","name":"Input","line":150,"character":3}}]}],"autoScale":[{"__symbolic":"property","decorators":[{"__symbolic":"call","expression":{"__symbolic":"reference","module":"@angular/core","name":"Input","line":151,"character":3}}]}],"showXAxisLabel":[{"__symbolic":"property","decorators":[{"__symbolic":"call","expression":{"__symbolic":"reference","module":"@angular/core","name":"Input","line":152,"character":3}}]}],"showYAxisLabel":[{"__symbolic":"property","decorators":[{"__symbolic":"call","expression":{"__symbolic":"reference","module":"@angular/core","name":"Input","line":153,"character":3}}]}],"xAxisLabel":[{"__symbolic":"property","decorators":[{"__symbolic":"call","expression":{"__symbolic":"reference","module":"@angular/core","name":"Input","line":154,"character":3}}]}],"yAxisLabel":[{"__symbolic":"property","decorators":[{"__symbolic":"call","expression":{"__symbolic":"reference","module":"@angular/core","name":"Input","line":155,"character":3}}]}],"timeline":[{"__symbolic":"property","decorators":[{"__symbolic":"call","expression":{"__symbolic":"reference","module":"@angular/core","name":"Input","line":156,"character":3}}]}],"gradient":[{"__symbolic":"property","decorators":[{"__symbolic":"call","expression":{"__symbolic":"reference","module":"@angular/core","name":"Input","line":157,"character":3}}]}],"showGridLines":[{"__symbolic":"property","decorators":[{"__symbolic":"call","expression":{"__symbolic":"reference","module":"@angular/core","name":"Input","line":158,"character":3}}]}],"curve":[{"__symbolic":"property","decorators":[{"__symbolic":"call","expression":{"__symbolic":"reference","module":"@angular/core","name":"Input","line":159,"character":3}}]}],"activeEntries":[{"__symbolic":"property","decorators":[{"__symbolic":"call","expression":{"__symbolic":"reference","module":"@angular/core","name":"Input","line":160,"character":3}}]}],"schemeType":[{"__symbolic":"property","decorators":[{"__symbolic":"call","expression":{"__symbolic":"reference","module":"@angular/core","name":"Input","line":161,"character":3}}]}],"xAxisTickFormatting":[{"__symbolic":"property","decorators":[{"__symbolic":"call","expression":{"__symbolic":"reference","module":"@angular/core","name":"Input","line":162,"character":3}}]}],"yAxisTickFormatting":[{"__symbolic":"property","decorators":[{"__symbolic":"call","expression":{"__symbolic":"reference","module":"@angular/core","name":"Input","line":163,"character":3}}]}],"xAxisTicks":[{"__symbolic":"property","decorators":[{"__symbolic":"call","expression":{"__symbolic":"reference","module":"@angular/core","name":"Input","line":164,"character":3}}]}],"yAxisTicks":[{"__symbolic":"property","decorators":[{"__symbolic":"call","expression":{"__symbolic":"reference","module":"@angular/core","name":"Input","line":165,"character":3}}]}],"roundDomains":[{"__symbolic":"property","decorators":[{"__symbolic":"call","expression":{"__symbolic":"reference","module":"@angular/core","name":"Input","line":166,"character":3}}]}],"tooltipDisabled":[{"__symbolic":"property","decorators":[{"__symbolic":"call","expression":{"__symbolic":"reference","module":"@angular/core","name":"Input","line":167,"character":3}}]}],"xScaleMin":[{"__symbolic":"property","decorators":[{"__symbolic":"call","expression":{"__symbolic":"reference","module":"@angular/core","name":"Input","line":168,"character":3}}]}],"xScaleMax":[{"__symbolic":"property","decorators":[{"__symbolic":"call","expression":{"__symbolic":"reference","module":"@angular/core","name":"Input","line":169,"character":3}}]}],"yScaleMin":[{"__symbolic":"property","decorators":[{"__symbolic":"call","expression":{"__symbolic":"reference","module":"@angular/core","name":"Input","line":170,"character":3}}]}],"yScaleMax":[{"__symbolic":"property","decorators":[{"__symbolic":"call","expression":{"__symbolic":"reference","module":"@angular/core","name":"Input","line":171,"character":3}}]}],"activate":[{"__symbolic":"property","decorators":[{"__symbolic":"call","expression":{"__symbolic":"reference","module":"@angular/core","name":"Output","line":173,"character":3}}]}],"deactivate":[{"__symbolic":"property","decorators":[{"__symbolic":"call","expression":{"__symbolic":"reference","module":"@angular/core","name":"Output","line":174,"character":3}}]}],"tooltipTemplate":[{"__symbolic":"property","decorators":[{"__symbolic":"call","expression":{"__symbolic":"reference","module":"@angular/core","name":"ContentChild","line":176,"character":3},"arguments":["tooltipTemplate"]}]}],"seriesTooltipTemplate":[{"__symbolic":"property","decorators":[{"__symbolic":"call","expression":{"__symbolic":"reference","module":"@angular/core","name":"ContentChild","line":177,"character":3},"arguments":["seriesTooltipTemplate"]}]}],"update":[{"__symbolic":"method"}],"updateTimeline":[{"__symbolic":"method"}],"getXDomain":[{"__symbolic":"method"}],"getYDomain":[{"__symbolic":"method"}],"getSeriesDomain":[{"__symbolic":"method"}],"getXScale":[{"__symbolic":"method"}],"getYScale":[{"__symbolic":"method"}],"getScaleType":[{"__symbolic":"method"}],"isDate":[{"__symbolic":"method"}],"updateDomain":[{"__symbolic":"method"}],"updateHoveredVertical":[{"__symbolic":"method"}],"hideCircles":[{"__symbolic":"method","decorators":[{"__symbolic":"call","expression":{"__symbolic":"reference","module":"@angular/core","name":"HostListener","line":405,"character":3},"arguments":["mouseleave"]}]}],"onClick":[{"__symbolic":"method"}],"trackBy":[{"__symbolic":"method"}],"setColors":[{"__symbolic":"method"}],"getLegendOptions":[{"__symbolic":"method"}],"updateYAxisWidth":[{"__symbolic":"method"}],"updateXAxisHeight":[{"__symbolic":"method"}],"onActivate":[{"__symbolic":"method"}],"onDeactivate":[{"__symbolic":"method"}],"deactivateAll":[{"__symbolic":"method"}]}}}}]