[{"__symbolic":"module","version":4,"metadata":{"Timeline":{"__symbolic":"class","decorators":[{"__symbolic":"call","expression":{"__symbolic":"reference","module":"@angular/core","name":"Component","line":11,"character":1},"arguments":[{"selector":"g[ngx-charts-timeline]","template":"\n    <svg:g\n      class=\"timeline\"\n      [attr.transform]=\"transform\">\n      <svg:filter [attr.id]=\"filterId\">\n        <svg:feColorMatrix in=\"SourceGraphic\"\n            type=\"matrix\"\n            values=\"0.3333 0.3333 0.3333 0 0 0.3333 0.3333 0.3333 0 0 0.3333 0.3333 0.3333 0 0 0 0 0 1 0\" />\n      </svg:filter>\n      <svg:g class=\"embedded-chart\">\n        <ng-content></ng-content>\n      </svg:g>\n      <svg:rect x=\"0\"\n        [attr.width]=\"view[0]\"\n        y=\"0\"\n        [attr.height]=\"height\"\n        class=\"brush-background\"\n      />\n      <svg:g class=\"brush\"></svg:g>\n    </svg:g>\n  ","styleUrls":["./timeline.component.css"],"encapsulation":{"__symbolic":"select","expression":{"__symbolic":"reference","module":"@angular/core","name":"ViewEncapsulation","line":35,"character":17},"member":"None"},"changeDetection":{"__symbolic":"select","expression":{"__symbolic":"reference","module":"@angular/core","name":"ChangeDetectionStrategy","line":36,"character":19},"member":"OnPush"}}]}],"members":{"view":[{"__symbolic":"property","decorators":[{"__symbolic":"call","expression":{"__symbolic":"reference","module":"@angular/core","name":"Input","line":40,"character":3}}]}],"state":[{"__symbolic":"property","decorators":[{"__symbolic":"call","expression":{"__symbolic":"reference","module":"@angular/core","name":"Input","line":41,"character":3}}]}],"results":[{"__symbolic":"property","decorators":[{"__symbolic":"call","expression":{"__symbolic":"reference","module":"@angular/core","name":"Input","line":42,"character":3}}]}],"scheme":[{"__symbolic":"property","decorators":[{"__symbolic":"call","expression":{"__symbolic":"reference","module":"@angular/core","name":"Input","line":43,"character":3}}]}],"customColors":[{"__symbolic":"property","decorators":[{"__symbolic":"call","expression":{"__symbolic":"reference","module":"@angular/core","name":"Input","line":44,"character":3}}]}],"legend":[{"__symbolic":"property","decorators":[{"__symbolic":"call","expression":{"__symbolic":"reference","module":"@angular/core","name":"Input","line":45,"character":3}}]}],"miniChart":[{"__symbolic":"property","decorators":[{"__symbolic":"call","expression":{"__symbolic":"reference","module":"@angular/core","name":"Input","line":46,"character":3}}]}],"autoScale":[{"__symbolic":"property","decorators":[{"__symbolic":"call","expression":{"__symbolic":"reference","module":"@angular/core","name":"Input","line":47,"character":3}}]}],"scaleType":[{"__symbolic":"property","decorators":[{"__symbolic":"call","expression":{"__symbolic":"reference","module":"@angular/core","name":"Input","line":48,"character":3}}]}],"height":[{"__symbolic":"property","decorators":[{"__symbolic":"call","expression":{"__symbolic":"reference","module":"@angular/core","name":"Input","line":49,"character":3}}]}],"select":[{"__symbolic":"property","decorators":[{"__symbolic":"call","expression":{"__symbolic":"reference","module":"@angular/core","name":"Output","line":51,"character":3}}]}],"onDomainChange":[{"__symbolic":"property","decorators":[{"__symbolic":"call","expression":{"__symbolic":"reference","module":"@angular/core","name":"Output","line":52,"character":3}}]}],"__ctor__":[{"__symbolic":"constructor","parameters":[{"__symbolic":"reference","module":"@angular/core","name":"ElementRef","line":65,"character":13},{"__symbolic":"reference","module":"@angular/core","name":"ChangeDetectorRef","line":66,"character":16}]}],"ngOnChanges":[{"__symbolic":"method"}],"update":[{"__symbolic":"method"}],"getXDomain":[{"__symbolic":"method"}],"getXScale":[{"__symbolic":"method"}],"addBrush":[{"__symbolic":"method"}],"updateBrush":[{"__symbolic":"method"}],"getDims":[{"__symbolic":"method"}]}}}}]