[{"__symbolic":"module","version":4,"metadata":{"TreeMapCellComponent":{"__symbolic":"class","decorators":[{"__symbolic":"call","expression":{"__symbolic":"reference","module":"@angular/core","name":"Component","line":7,"character":1},"arguments":[{"selector":"g[ngx-charts-tree-map-cell]","template":"\n    <svg:g>\n      <defs *ngIf=\"gradient\">\n        <svg:g ngx-charts-svg-linear-gradient\n          orientation=\"vertical\"\n          [name]=\"gradientId\"\n          [stops]=\"gradientStops\"\n        />\n      </defs>\n      <svg:rect\n        [attr.fill]=\"gradient ? gradientUrl : fill\"\n        [attr.width]=\"width\"\n        [attr.height]=\"height\"\n        [attr.x]=\"x\"\n        [attr.y]=\"y\"\n        [style.cursor]=\"'pointer'\"\n        class=\"cell\"\n        (click)=\"onClick()\"\n      />\n      <svg:foreignObject\n        *ngIf=\"width >= 70 && height >= 35\"\n        [attr.x]=\"x\"\n        [attr.y]=\"y\"\n        [attr.width]=\"width\"\n        [attr.height]=\"height\"\n        class=\"label\"\n        [style.pointer-events]=\"'none'\">\n        <xhtml:p\n          [style.color]=\"getTextColor()\"\n          [style.height]=\"height + 'px'\"\n          [style.width]=\"width + 'px'\">\n          <xhtml:span class=\"treemap-label\" [innerHTML]=\"formattedLabel\">\n          </xhtml:span>\n          <xhtml:br />\n          <xhtml:span *ngIf=\"animations\"\n            class=\"treemap-val\" \n            ngx-charts-count-up \n            [countTo]=\"value\"\n            [valueFormatting]=\"valueFormatting\">\n          </xhtml:span>\n          <xhtml:span *ngIf=\"!animations\"\n            class=\"treemap-val\">\n            {{formattedValue}}\n          </xhtml:span>\n        </xhtml:p>\n      </svg:foreignObject>\n    </svg:g>\n  ","changeDetection":{"__symbolic":"select","expression":{"__symbolic":"reference","module":"@angular/core","name":"ChangeDetectionStrategy","line":57,"character":19},"member":"OnPush"}}]}],"members":{"data":[{"__symbolic":"property","decorators":[{"__symbolic":"call","expression":{"__symbolic":"reference","module":"@angular/core","name":"Input","line":60,"character":3}}]}],"fill":[{"__symbolic":"property","decorators":[{"__symbolic":"call","expression":{"__symbolic":"reference","module":"@angular/core","name":"Input","line":61,"character":3}}]}],"x":[{"__symbolic":"property","decorators":[{"__symbolic":"call","expression":{"__symbolic":"reference","module":"@angular/core","name":"Input","line":62,"character":3}}]}],"y":[{"__symbolic":"property","decorators":[{"__symbolic":"call","expression":{"__symbolic":"reference","module":"@angular/core","name":"Input","line":63,"character":3}}]}],"width":[{"__symbolic":"property","decorators":[{"__symbolic":"call","expression":{"__symbolic":"reference","module":"@angular/core","name":"Input","line":64,"character":3}}]}],"height":[{"__symbolic":"property","decorators":[{"__symbolic":"call","expression":{"__symbolic":"reference","module":"@angular/core","name":"Input","line":65,"character":3}}]}],"label":[{"__symbolic":"property","decorators":[{"__symbolic":"call","expression":{"__symbolic":"reference","module":"@angular/core","name":"Input","line":66,"character":3}}]}],"value":[{"__symbolic":"property","decorators":[{"__symbolic":"call","expression":{"__symbolic":"reference","module":"@angular/core","name":"Input","line":67,"character":3}}]}],"valueType":[{"__symbolic":"property","decorators":[{"__symbolic":"call","expression":{"__symbolic":"reference","module":"@angular/core","name":"Input","line":68,"character":3}}]}],"valueFormatting":[{"__symbolic":"property","decorators":[{"__symbolic":"call","expression":{"__symbolic":"reference","module":"@angular/core","name":"Input","line":69,"character":3}}]}],"labelFormatting":[{"__symbolic":"property","decorators":[{"__symbolic":"call","expression":{"__symbolic":"reference","module":"@angular/core","name":"Input","line":70,"character":3}}]}],"gradient":[{"__symbolic":"property","decorators":[{"__symbolic":"call","expression":{"__symbolic":"reference","module":"@angular/core","name":"Input","line":71,"character":3}}]}],"animations":[{"__symbolic":"property","decorators":[{"__symbolic":"call","expression":{"__symbolic":"reference","module":"@angular/core","name":"Input","line":72,"character":3}}]}],"select":[{"__symbolic":"property","decorators":[{"__symbolic":"call","expression":{"__symbolic":"reference","module":"@angular/core","name":"Output","line":74,"character":3}}]}],"__ctor__":[{"__symbolic":"constructor","parameters":[{"__symbolic":"reference","module":"@angular/core","name":"ElementRef","line":86,"character":23}]}],"ngOnChanges":[{"__symbolic":"method"}],"update":[{"__symbolic":"method"}],"loadAnimation":[{"__symbolic":"method"}],"getTextColor":[{"__symbolic":"method"}],"animateToCurrentForm":[{"__symbolic":"method"}],"onClick":[{"__symbolic":"method"}],"getGradientStops":[{"__symbolic":"method"}]}}}}]