[{"__symbolic":"module","version":4,"metadata":{"TreeMapCellSeriesComponent":{"__symbolic":"class","decorators":[{"__symbolic":"call","expression":{"__symbolic":"reference","module":"@angular/core","name":"Component","line":11,"character":1},"arguments":[{"selector":"g[ngx-charts-tree-map-cell-series]","template":"\n    <svg:g ngx-charts-tree-map-cell *ngFor=\"let c of cells; trackBy:trackBy\"\n      [data]=\"c\"\n      [x]=\"c.x\"\n      [y]=\"c.y\"\n      [width]=\"c.width\"\n      [height]=\"c.height\"\n      [fill]=\"c.fill\"\n      [label]=\"c.label\"\n      [value]=\"c.value\"\n      [valueType]=\"c.valueType\"\n      [valueFormatting]=\"valueFormatting\"\n      [labelFormatting]=\"labelFormatting\"\n      [gradient]=\"gradient\"\n      [animations]=\"animations\"\n      (select)=\"onClick($event)\"\n      ngx-tooltip\n      [tooltipDisabled]=\"tooltipDisabled\"\n      [tooltipPlacement]=\"'top'\"\n      [tooltipType]=\"'tooltip'\"\n      [tooltipTitle]=\"tooltipTemplate ? undefined : getTooltipText(c)\"\n      [tooltipTemplate]=\"tooltipTemplate\"\n      [tooltipContext]=\"c.data\">\n    </svg:g>\n  ","changeDetection":{"__symbolic":"select","expression":{"__symbolic":"reference","module":"@angular/core","name":"ChangeDetectionStrategy","line":38,"character":19},"member":"OnPush"}}]}],"members":{"data":[{"__symbolic":"property","decorators":[{"__symbolic":"call","expression":{"__symbolic":"reference","module":"@angular/core","name":"Input","line":42,"character":3}}]}],"dims":[{"__symbolic":"property","decorators":[{"__symbolic":"call","expression":{"__symbolic":"reference","module":"@angular/core","name":"Input","line":43,"character":3}}]}],"colors":[{"__symbolic":"property","decorators":[{"__symbolic":"call","expression":{"__symbolic":"reference","module":"@angular/core","name":"Input","line":44,"character":3}}]}],"valueFormatting":[{"__symbolic":"property","decorators":[{"__symbolic":"call","expression":{"__symbolic":"reference","module":"@angular/core","name":"Input","line":45,"character":3}}]}],"labelFormatting":[{"__symbolic":"property","decorators":[{"__symbolic":"call","expression":{"__symbolic":"reference","module":"@angular/core","name":"Input","line":46,"character":3}}]}],"gradient":[{"__symbolic":"property","decorators":[{"__symbolic":"call","expression":{"__symbolic":"reference","module":"@angular/core","name":"Input","line":47,"character":3}}]}],"tooltipDisabled":[{"__symbolic":"property","decorators":[{"__symbolic":"call","expression":{"__symbolic":"reference","module":"@angular/core","name":"Input","line":48,"character":3}}]}],"tooltipTemplate":[{"__symbolic":"property","decorators":[{"__symbolic":"call","expression":{"__symbolic":"reference","module":"@angular/core","name":"Input","line":49,"character":3}}]}],"animations":[{"__symbolic":"property","decorators":[{"__symbolic":"call","expression":{"__symbolic":"reference","module":"@angular/core","name":"Input","line":50,"character":3}}]}],"select":[{"__symbolic":"property","decorators":[{"__symbolic":"call","expression":{"__symbolic":"reference","module":"@angular/core","name":"Output","line":52,"character":3}}]}],"ngOnChanges":[{"__symbolic":"method"}],"getCells":[{"__symbolic":"method"}],"getTooltipText":[{"__symbolic":"method"}],"onClick":[{"__symbolic":"method"}],"trackBy":[{"__symbolic":"method"}]}}}}]