[{"__symbolic":"module","version":4,"metadata":{"TreeMapComponent":{"__symbolic":"class","extends":{"__symbolic":"reference","module":"../common/base-chart.component","name":"BaseChartComponent","line":43,"character":38},"decorators":[{"__symbolic":"call","expression":{"__symbolic":"reference","module":"@angular/core","name":"Component","line":16,"character":1},"arguments":[{"selector":"ngx-charts-tree-map","template":"\n    <ngx-charts-chart\n      [view]=\"[width, height]\"\n      [showLegend]=\"false\"\n      [animations]=\"animations\">\n      <svg:g [attr.transform]=\"transform\" class=\"tree-map chart\">\n        <svg:g ngx-charts-tree-map-cell-series\n          [colors]=\"colors\"\n          [data]=\"data\"\n          [dims]=\"dims\"\n          [tooltipDisabled]=\"tooltipDisabled\"\n          [tooltipTemplate]=\"tooltipTemplate\"\n          [valueFormatting]=\"valueFormatting\"\n          [labelFormatting]=\"labelFormatting\"\n          [gradient]=\"gradient\"\n          [animations]=\"animations\"\n          (select)=\"onClick($event)\"\n        />\n      </svg:g>\n    </ngx-charts-chart>\n  ","styleUrls":["./tree-map.component.css"],"encapsulation":{"__symbolic":"select","expression":{"__symbolic":"reference","module":"@angular/core","name":"ViewEncapsulation","line":40,"character":17},"member":"None"},"changeDetection":{"__symbolic":"select","expression":{"__symbolic":"reference","module":"@angular/core","name":"ChangeDetectionStrategy","line":41,"character":19},"member":"OnPush"}}]}],"members":{"results":[{"__symbolic":"property","decorators":[{"__symbolic":"call","expression":{"__symbolic":"reference","module":"@angular/core","name":"Input","line":45,"character":3}}]}],"tooltipDisabled":[{"__symbolic":"property","decorators":[{"__symbolic":"call","expression":{"__symbolic":"reference","module":"@angular/core","name":"Input","line":46,"character":3}}]}],"valueFormatting":[{"__symbolic":"property","decorators":[{"__symbolic":"call","expression":{"__symbolic":"reference","module":"@angular/core","name":"Input","line":47,"character":3}}]}],"labelFormatting":[{"__symbolic":"property","decorators":[{"__symbolic":"call","expression":{"__symbolic":"reference","module":"@angular/core","name":"Input","line":48,"character":3}}]}],"gradient":[{"__symbolic":"property","decorators":[{"__symbolic":"call","expression":{"__symbolic":"reference","module":"@angular/core","name":"Input","line":49,"character":3}}]}],"select":[{"__symbolic":"property","decorators":[{"__symbolic":"call","expression":{"__symbolic":"reference","module":"@angular/core","name":"Output","line":51,"character":3}}]}],"tooltipTemplate":[{"__symbolic":"property","decorators":[{"__symbolic":"call","expression":{"__symbolic":"reference","module":"@angular/core","name":"ContentChild","line":53,"character":3},"arguments":["tooltipTemplate"]}]}],"update":[{"__symbolic":"method"}],"getDomain":[{"__symbolic":"method"}],"onClick":[{"__symbolic":"method"}],"setColors":[{"__symbolic":"method"}]}}}}]