[{"__symbolic":"module","version":4,"metadata":{"NgxChartsModule":{"__symbolic":"class","decorators":[{"__symbolic":"call","expression":{"__symbolic":"reference","module":"@angular/core","name":"NgModule","line":16,"character":1},"arguments":[{"exports":[{"__symbolic":"reference","module":"./common/chart-common.module","name":"ChartCommonModule","line":18,"character":4},{"__symbolic":"reference","module":"./area-chart/area-chart.module","name":"AreaChartModule","line":19,"character":4},{"__symbolic":"reference","module":"./bar-chart/bar-chart.module","name":"BarChartModule","line":20,"character":4},{"__symbolic":"reference","module":"./bubble-chart/bubble-chart.module","name":"BubbleChartModule","line":21,"character":4},{"__symbolic":"reference","module":"./force-directed-graph/force-directed-graph.module","name":"ForceDirectedGraphModule","line":22,"character":4},{"__symbolic":"reference","module":"./heat-map/heat-map.module","name":"HeatMapModule","line":23,"character":4},{"__symbolic":"reference","module":"./line-chart/line-chart.module","name":"LineChartModule","line":24,"character":4},{"__symbolic":"reference","module":"./polar-chart/polar-chart.module","name":"PolarChartModule","line":25,"character":4},{"__symbolic":"reference","module":"./number-card/number-card.module","name":"NumberCardModule","line":26,"character":4},{"__symbolic":"reference","module":"./pie-chart/pie-chart.module","name":"PieChartModule","line":27,"character":4},{"__symbolic":"reference","module":"./tree-map/tree-map.module","name":"TreeMapModule","line":28,"character":4},{"__symbolic":"reference","module":"./gauge/gauge.module","name":"GaugeModule","line":29,"character":4}]}]}]}}}]