[{"__symbolic":"module","version":4,"metadata":{"GaugeComponent":{"__symbolic":"class","extends":{"__symbolic":"reference","module":"../common/base-chart.component","name":"BaseChartComponent","line":80,"character":36},"decorators":[{"__symbolic":"call","expression":{"__symbolic":"reference","module":"@angular/core","name":"Component","line":19,"character":1},"arguments":[{"selector":"ngx-charts-gauge","template":"\n    <ngx-charts-chart\n      [view]=\"[width, height]\"\n      [showLegend]=\"legend\"\n      [legendOptions]=\"legendOptions\"\n      [activeEntries]=\"activeEntries\"\n      [animations]=\"animations\"\n      (legendLabelClick)=\"onClick($event)\"\n      (legendLabelActivate)=\"onActivate($event)\"\n      (legendLabelDeactivate)=\"onDeactivate($event)\">\n      <svg:g [attr.transform]=\"transform\" class=\"gauge chart\">\n        <svg:g *ngFor=\"let arc of arcs; trackBy:trackBy\" [attr.transform]=\"rotation\">\n          <svg:g ngx-charts-gauge-arc\n            [backgroundArc]=\"arc.backgroundArc\"\n            [valueArc]=\"arc.valueArc\"\n            [cornerRadius]=\"cornerRadius\"\n            [colors]=\"colors\"\n            [isActive]=\"isActive(arc.valueArc.data)\"\n            [tooltipDisabled]=\"tooltipDisabled\"\n            [tooltipTemplate]=\"tooltipTemplate\"\n            [valueFormatting]=\"valueFormatting\"\n            [animations]=\"animations\"\n            (select)=\"onClick($event)\"\n            (activate)=\"onActivate($event)\"\n            (deactivate)=\"onDeactivate($event)\">\n          </svg:g>\n        </svg:g>\n\n        <svg:g ngx-charts-gauge-axis\n          *ngIf=\"showAxis\"\n          [bigSegments]=\"bigSegments\"\n          [smallSegments]=\"smallSegments\"\n          [min]=\"min\"\n          [max]=\"max\"\n          [radius]=\"outerRadius\"\n          [angleSpan]=\"angleSpan\"\n          [valueScale]=\"valueScale\"\n          [startAngle]=\"startAngle\"\n          [tickFormatting]=\"axisTickFormatting\">\n        </svg:g>\n\n        <svg:text #textEl\n            [style.textAnchor]=\"'middle'\"\n            [attr.transform]=\"textTransform\"\n            alignment-baseline=\"central\">\n          <tspan x=\"0\" dy=\"0\">{{displayValue}}</tspan>\n          <tspan x=\"0\" dy=\"1.2em\">{{units}}</tspan>\n        </svg:text>\n\n      </svg:g>\n    </ngx-charts-chart>\n  ","styleUrls":["../common/base-chart.component.css","./gauge.component.css"],"encapsulation":{"__symbolic":"select","expression":{"__symbolic":"reference","module":"@angular/core","name":"ViewEncapsulation","line":77,"character":17},"member":"None"},"changeDetection":{"__symbolic":"select","expression":{"__symbolic":"reference","module":"@angular/core","name":"ChangeDetectionStrategy","line":78,"character":19},"member":"OnPush"}}]}],"members":{"legend":[{"__symbolic":"property","decorators":[{"__symbolic":"call","expression":{"__symbolic":"reference","module":"@angular/core","name":"Input","line":82,"character":3}}]}],"legendTitle":[{"__symbolic":"property","decorators":[{"__symbolic":"call","expression":{"__symbolic":"reference","module":"@angular/core","name":"Input","line":83,"character":3}}]}],"legendPosition":[{"__symbolic":"property","decorators":[{"__symbolic":"call","expression":{"__symbolic":"reference","module":"@angular/core","name":"Input","line":84,"character":3}}]}],"min":[{"__symbolic":"property","decorators":[{"__symbolic":"call","expression":{"__symbolic":"reference","module":"@angular/core","name":"Input","line":85,"character":3}}]}],"max":[{"__symbolic":"property","decorators":[{"__symbolic":"call","expression":{"__symbolic":"reference","module":"@angular/core","name":"Input","line":86,"character":3}}]}],"textValue":[{"__symbolic":"property","decorators":[{"__symbolic":"call","expression":{"__symbolic":"reference","module":"@angular/core","name":"Input","line":87,"character":3}}]}],"units":[{"__symbolic":"property","decorators":[{"__symbolic":"call","expression":{"__symbolic":"reference","module":"@angular/core","name":"Input","line":88,"character":3}}]}],"bigSegments":[{"__symbolic":"property","decorators":[{"__symbolic":"call","expression":{"__symbolic":"reference","module":"@angular/core","name":"Input","line":89,"character":3}}]}],"smallSegments":[{"__symbolic":"property","decorators":[{"__symbolic":"call","expression":{"__symbolic":"reference","module":"@angular/core","name":"Input","line":90,"character":3}}]}],"results":[{"__symbolic":"property","decorators":[{"__symbolic":"call","expression":{"__symbolic":"reference","module":"@angular/core","name":"Input","line":91,"character":3}}]}],"showAxis":[{"__symbolic":"property","decorators":[{"__symbolic":"call","expression":{"__symbolic":"reference","module":"@angular/core","name":"Input","line":92,"character":3}}]}],"startAngle":[{"__symbolic":"property","decorators":[{"__symbolic":"call","expression":{"__symbolic":"reference","module":"@angular/core","name":"Input","line":93,"character":3}}]}],"angleSpan":[{"__symbolic":"property","decorators":[{"__symbolic":"call","expression":{"__symbolic":"reference","module":"@angular/core","name":"Input","line":94,"character":3}}]}],"activeEntries":[{"__symbolic":"property","decorators":[{"__symbolic":"call","expression":{"__symbolic":"reference","module":"@angular/core","name":"Input","line":95,"character":3}}]}],"axisTickFormatting":[{"__symbolic":"property","decorators":[{"__symbolic":"call","expression":{"__symbolic":"reference","module":"@angular/core","name":"Input","line":96,"character":3}}]}],"tooltipDisabled":[{"__symbolic":"property","decorators":[{"__symbolic":"call","expression":{"__symbolic":"reference","module":"@angular/core","name":"Input","line":97,"character":3}}]}],"valueFormatting":[{"__symbolic":"property","decorators":[{"__symbolic":"call","expression":{"__symbolic":"reference","module":"@angular/core","name":"Input","line":98,"character":3}}]}],"margin":[{"__symbolic":"property","decorators":[{"__symbolic":"call","expression":{"__symbolic":"reference","module":"@angular/core","name":"Input","line":101,"character":3}}]}],"activate":[{"__symbolic":"property","decorators":[{"__symbolic":"call","expression":{"__symbolic":"reference","module":"@angular/core","name":"Output","line":103,"character":3}}]}],"deactivate":[{"__symbolic":"property","decorators":[{"__symbolic":"call","expression":{"__symbolic":"reference","module":"@angular/core","name":"Output","line":104,"character":3}}]}],"tooltipTemplate":[{"__symbolic":"property","decorators":[{"__symbolic":"call","expression":{"__symbolic":"reference","module":"@angular/core","name":"ContentChild","line":106,"character":3},"arguments":["tooltipTemplate"]}]}],"textEl":[{"__symbolic":"property","decorators":[{"__symbolic":"call","expression":{"__symbolic":"reference","module":"@angular/core","name":"ViewChild","line":108,"character":3},"arguments":["textEl"]}]}],"ngAfterViewInit":[{"__symbolic":"method"}],"update":[{"__symbolic":"method"}],"getArcs":[{"__symbolic":"method"}],"getDomain":[{"__symbolic":"method"}],"getValueDomain":[{"__symbolic":"method"}],"getValueScale":[{"__symbolic":"method"}],"getDisplayValue":[{"__symbolic":"method"}],"scaleText":[{"__symbolic":"method"}],"onClick":[{"__symbolic":"method"}],"getLegendOptions":[{"__symbolic":"method"}],"setColors":[{"__symbolic":"method"}],"onActivate":[{"__symbolic":"method"}],"onDeactivate":[{"__symbolic":"method"}],"isActive":[{"__symbolic":"method"}],"trackBy":[{"__symbolic":"method"}]}}}}]