[{"__symbolic":"module","version":4,"metadata":{"GaugeModule":{"__symbolic":"class","decorators":[{"__symbolic":"call","expression":{"__symbolic":"reference","module":"@angular/core","name":"NgModule","line":9,"character":1},"arguments":[{"imports":[{"__symbolic":"reference","module":"../common/chart-common.module","name":"ChartCommonModule","line":10,"character":12},{"__symbolic":"reference","module":"../pie-chart/pie-chart.module","name":"PieChartModule","line":10,"character":31},{"__symbolic":"reference","module":"../bar-chart/bar-chart.module","name":"BarChartModule","line":10,"character":47}],"declarations":[{"__symbolic":"reference","module":"./linear-gauge.component","name":"LinearGaugeComponent","line":12,"character":4},{"__symbolic":"reference","module":"./gauge.component","name":"GaugeComponent","line":13,"character":4},{"__symbolic":"reference","module":"./gauge-arc.component","name":"GaugeArcComponent","line":14,"character":4},{"__symbolic":"reference","module":"./gauge-axis.component","name":"GaugeAxisComponent","line":15,"character":4}],"exports":[{"__symbolic":"reference","module":"./linear-gauge.component","name":"LinearGaugeComponent","line":18,"character":4},{"__symbolic":"reference","module":"./gauge.component","name":"GaugeComponent","line":19,"character":4},{"__symbolic":"reference","module":"./gauge-arc.component","name":"GaugeArcComponent","line":20,"character":4},{"__symbolic":"reference","module":"./gauge-axis.component","name":"GaugeAxisComponent","line":21,"character":4}]}]}]}}}]