[{"__symbolic":"module","version":4,"metadata":{"GaugeArcComponent":{"__symbolic":"class","decorators":[{"__symbolic":"call","expression":{"__symbolic":"reference","module":"@angular/core","name":"Component","line":11,"character":1},"arguments":[{"selector":"g[ngx-charts-gauge-arc]","template":"\n    <svg:g ngx-charts-pie-arc\n      class=\"background-arc\"\n      [startAngle]=\"0\"\n      [endAngle]=\"backgroundArc.endAngle\"\n      [innerRadius]=\"backgroundArc.innerRadius\"\n      [outerRadius]=\"backgroundArc.outerRadius\"\n      [cornerRadius]=\"cornerRadius\"\n      [data]=\"backgroundArc.data\"\n      [animate]=\"false\"\n      [pointerEvents]=\"false\">\n    </svg:g>\n    <svg:g ngx-charts-pie-arc\n      [startAngle]=\"0\"\n      [endAngle]=\"valueArc.endAngle\"\n      [innerRadius]=\"valueArc.innerRadius\"\n      [outerRadius]=\"valueArc.outerRadius\"\n      [cornerRadius]=\"cornerRadius\"\n      [fill]=\"colors.getColor(valueArc.data.name)\"\n      [data]=\"valueArc.data\"\n      [animate]=\"animations\"\n      [isActive]=\"isActive\"\n      (select)=\"select.emit($event)\"\n      (activate)=\"activate.emit($event)\"\n      (deactivate)=\"deactivate.emit($event)\"\n      ngx-tooltip\n      [tooltipDisabled]=\"tooltipDisabled\"\n      [tooltipPlacement]=\"'top'\"\n      [tooltipType]=\"'tooltip'\"\n      [tooltipTitle]=\"tooltipTemplate ? undefined : tooltipText(valueArc)\"\n      [tooltipTemplate]=\"tooltipTemplate\"\n      [tooltipContext]=\"valueArc.data\">\n    </svg:g>\n  ","changeDetection":{"__symbolic":"select","expression":{"__symbolic":"reference","module":"@angular/core","name":"ChangeDetectionStrategy","line":47,"character":19},"member":"OnPush"}}]}],"members":{"backgroundArc":[{"__symbolic":"property","decorators":[{"__symbolic":"call","expression":{"__symbolic":"reference","module":"@angular/core","name":"Input","line":51,"character":3}}]}],"valueArc":[{"__symbolic":"property","decorators":[{"__symbolic":"call","expression":{"__symbolic":"reference","module":"@angular/core","name":"Input","line":52,"character":3}}]}],"cornerRadius":[{"__symbolic":"property","decorators":[{"__symbolic":"call","expression":{"__symbolic":"reference","module":"@angular/core","name":"Input","line":53,"character":3}}]}],"colors":[{"__symbolic":"property","decorators":[{"__symbolic":"call","expression":{"__symbolic":"reference","module":"@angular/core","name":"Input","line":54,"character":3}}]}],"isActive":[{"__symbolic":"property","decorators":[{"__symbolic":"call","expression":{"__symbolic":"reference","module":"@angular/core","name":"Input","line":55,"character":3}}]}],"tooltipDisabled":[{"__symbolic":"property","decorators":[{"__symbolic":"call","expression":{"__symbolic":"reference","module":"@angular/core","name":"Input","line":56,"character":3}}]}],"valueFormatting":[{"__symbolic":"property","decorators":[{"__symbolic":"call","expression":{"__symbolic":"reference","module":"@angular/core","name":"Input","line":57,"character":3}}]}],"tooltipTemplate":[{"__symbolic":"property","decorators":[{"__symbolic":"call","expression":{"__symbolic":"reference","module":"@angular/core","name":"Input","line":58,"character":3}}]}],"animations":[{"__symbolic":"property","decorators":[{"__symbolic":"call","expression":{"__symbolic":"reference","module":"@angular/core","name":"Input","line":59,"character":3}}]}],"select":[{"__symbolic":"property","decorators":[{"__symbolic":"call","expression":{"__symbolic":"reference","module":"@angular/core","name":"Output","line":61,"character":3}}]}],"activate":[{"__symbolic":"property","decorators":[{"__symbolic":"call","expression":{"__symbolic":"reference","module":"@angular/core","name":"Output","line":62,"character":3}}]}],"deactivate":[{"__symbolic":"property","decorators":[{"__symbolic":"call","expression":{"__symbolic":"reference","module":"@angular/core","name":"Output","line":63,"character":3}}]}],"tooltipText":[{"__symbolic":"method"}]}}}}]