[{"__symbolic":"module","version":4,"metadata":{"GaugeAxisComponent":{"__symbolic":"class","decorators":[{"__symbolic":"call","expression":{"__symbolic":"reference","module":"@angular/core","name":"Component","line":9,"character":1},"arguments":[{"selector":"g[ngx-charts-gauge-axis]","template":"\n    <svg:g [attr.transform]=\"rotate\">\n        <svg:g *ngFor=\"let tick of ticks.big\"\n            class=\"gauge-tick gauge-tick-large\">\n            <svg:path [attr.d]=\"tick.line\" />\n        </svg:g>\n        <svg:g *ngFor=\"let tick of ticks.big\"\n            class=\"gauge-tick gauge-tick-large\">\n            <svg:text\n                [style.textAnchor]=\"tick.textAnchor\"\n                [attr.transform]=\"tick.textTransform\"\n                alignment-baseline=\"central\">\n                {{tick.text}}\n            </svg:text>\n        </svg:g>\n        <svg:g *ngFor=\"let tick of ticks.small\"\n            class=\"gauge-tick gauge-tick-small\">\n            <svg:path [attr.d]=\"tick.line\" />\n        </svg:g>\n    </svg:g>\n  ","changeDetection":{"__symbolic":"select","expression":{"__symbolic":"reference","module":"@angular/core","name":"ChangeDetectionStrategy","line":32,"character":19},"member":"OnPush"}}]}],"members":{"bigSegments":[{"__symbolic":"property","decorators":[{"__symbolic":"call","expression":{"__symbolic":"reference","module":"@angular/core","name":"Input","line":35,"character":3}}]}],"smallSegments":[{"__symbolic":"property","decorators":[{"__symbolic":"call","expression":{"__symbolic":"reference","module":"@angular/core","name":"Input","line":36,"character":3}}]}],"min":[{"__symbolic":"property","decorators":[{"__symbolic":"call","expression":{"__symbolic":"reference","module":"@angular/core","name":"Input","line":37,"character":3}}]}],"max":[{"__symbolic":"property","decorators":[{"__symbolic":"call","expression":{"__symbolic":"reference","module":"@angular/core","name":"Input","line":38,"character":3}}]}],"angleSpan":[{"__symbolic":"property","decorators":[{"__symbolic":"call","expression":{"__symbolic":"reference","module":"@angular/core","name":"Input","line":39,"character":3}}]}],"startAngle":[{"__symbolic":"property","decorators":[{"__symbolic":"call","expression":{"__symbolic":"reference","module":"@angular/core","name":"Input","line":40,"character":3}}]}],"radius":[{"__symbolic":"property","decorators":[{"__symbolic":"call","expression":{"__symbolic":"reference","module":"@angular/core","name":"Input","line":41,"character":3}}]}],"valueScale":[{"__symbolic":"property","decorators":[{"__symbolic":"call","expression":{"__symbolic":"reference","module":"@angular/core","name":"Input","line":42,"character":3}}]}],"tickFormatting":[{"__symbolic":"property","decorators":[{"__symbolic":"call","expression":{"__symbolic":"reference","module":"@angular/core","name":"Input","line":43,"character":3}}]}],"ngOnChanges":[{"__symbolic":"method"}],"update":[{"__symbolic":"method"}],"getTicks":[{"__symbolic":"method"}],"getTextAnchor":[{"__symbolic":"method"}],"getTickPath":[{"__symbolic":"method"}]}}}}]