[{"__symbolic":"module","version":4,"metadata":{"InjectionService":{"__symbolic":"class","decorators":[{"__symbolic":"call","expression":{"__symbolic":"reference","module":"@angular/core","name":"Injectable","line":19,"character":1}}],"members":{"__ctor__":[{"__symbolic":"constructor","parameters":[{"__symbolic":"reference","module":"@angular/core","name":"ApplicationRef","line":36,"character":28},{"__symbolic":"reference","module":"@angular/core","name":"ComponentFactoryResolver","line":37,"character":38},{"__symbolic":"reference","module":"@angular/core","name":"Injector","line":38,"character":22}]}],"getRootViewContainer":[{"__symbolic":"method"}],"setRootViewContainer":[{"__symbolic":"method"}],"getComponentRootNode":[{"__symbolic":"method"}],"getRootViewContainerNode":[{"__symbolic":"method"}],"projectComponentBindings":[{"__symbolic":"method"}],"appendComponent":[{"__symbolic":"method"}]},"statics":{"globalRootViewContainer":null}}}}]