[{"__symbolic":"module","version":4,"metadata":{"InjectionRegistery":{"__symbolic":"class","members":{"__ctor__":[{"__symbolic":"constructor","parameters":[{"__symbolic":"reference","module":"./injection.service","name":"InjectionService","line":10,"character":39}]}],"getByType":[{"__symbolic":"method"}],"create":[{"__symbolic":"method"}],"createByType":[{"__symbolic":"method"}],"destroy":[{"__symbolic":"method"}],"destroyAll":[{"__symbolic":"method"}],"destroyByType":[{"__symbolic":"method"}],"assignDefaults":[{"__symbolic":"method"}],"injectComponent":[{"__symbolic":"method"}],"register":[{"__symbolic":"method"}]}}}}]