[{"__symbolic":"module","version":4,"metadata":{"TooltipContentComponent":{"__symbolic":"class","decorators":[{"__symbolic":"call","expression":{"__symbolic":"reference","module":"@angular/core","name":"Component","line":11,"character":1},"arguments":[{"selector":"ngx-tooltip-content","template":"\n    <div>\n      <span\n        #caretElm\n        [hidden]=\"!showCaret\"\n        class=\"tooltip-caret position-{{this.placement}}\">\n      </span>\n      <div class=\"tooltip-content\">\n        <span *ngIf=\"!title\">\n          <ng-template\n            [ngTemplateOutlet]=\"template\"\n            [ngTemplateOutletContext]=\"{ model: context }\">\n          </ng-template>\n        </span>\n        <span\n          *ngIf=\"title\"\n          [innerHTML]=\"title\">\n        </span>\n      </div>\n    </div>\n  ","encapsulation":{"__symbolic":"select","expression":{"__symbolic":"reference","module":"@angular/core","name":"ViewEncapsulation","line":34,"character":17},"member":"None"},"styleUrls":["./tooltip.component.css"]}]}],"members":{"host":[{"__symbolic":"property","decorators":[{"__symbolic":"call","expression":{"__symbolic":"reference","module":"@angular/core","name":"Input","line":39,"character":3}}]}],"showCaret":[{"__symbolic":"property","decorators":[{"__symbolic":"call","expression":{"__symbolic":"reference","module":"@angular/core","name":"Input","line":40,"character":3}}]}],"type":[{"__symbolic":"property","decorators":[{"__symbolic":"call","expression":{"__symbolic":"reference","module":"@angular/core","name":"Input","line":41,"character":3}}]}],"placement":[{"__symbolic":"property","decorators":[{"__symbolic":"call","expression":{"__symbolic":"reference","module":"@angular/core","name":"Input","line":42,"character":3}}]}],"alignment":[{"__symbolic":"property","decorators":[{"__symbolic":"call","expression":{"__symbolic":"reference","module":"@angular/core","name":"Input","line":43,"character":3}}]}],"spacing":[{"__symbolic":"property","decorators":[{"__symbolic":"call","expression":{"__symbolic":"reference","module":"@angular/core","name":"Input","line":44,"character":3}}]}],"cssClass":[{"__symbolic":"property","decorators":[{"__symbolic":"call","expression":{"__symbolic":"reference","module":"@angular/core","name":"Input","line":45,"character":3}}]}],"title":[{"__symbolic":"property","decorators":[{"__symbolic":"call","expression":{"__symbolic":"reference","module":"@angular/core","name":"Input","line":46,"character":3}}]}],"template":[{"__symbolic":"property","decorators":[{"__symbolic":"call","expression":{"__symbolic":"reference","module":"@angular/core","name":"Input","line":47,"character":3}}]}],"context":[{"__symbolic":"property","decorators":[{"__symbolic":"call","expression":{"__symbolic":"reference","module":"@angular/core","name":"Input","line":48,"character":3}}]}],"caretElm":[{"__symbolic":"property","decorators":[{"__symbolic":"call","expression":{"__symbolic":"reference","module":"@angular/core","name":"ViewChild","line":50,"character":3},"arguments":["caretElm"]}]}],"cssClasses":[{"__symbolic":"property","decorators":[{"__symbolic":"call","expression":{"__symbolic":"reference","module":"@angular/core","name":"HostBinding","line":52,"character":3},"arguments":["class"]}]}],"__ctor__":[{"__symbolic":"constructor","parameters":[{"__symbolic":"reference","module":"@angular/core","name":"ElementRef","line":62,"character":20},{"__symbolic":"reference","module":"@angular/core","name":"Renderer2","line":63,"character":22}]}],"ngAfterViewInit":[{"__symbolic":"method"}],"position":[{"__symbolic":"method"}],"positionContent":[{"__symbolic":"method"}],"positionCaret":[{"__symbolic":"method"}],"checkFlip":[{"__symbolic":"method"}],"onWindowResize":[{"__symbolic":"method","decorators":[{"__symbolic":"call","expression":{"__symbolic":"reference","module":"@angular/core","name":"HostListener","line":112,"character":3},"arguments":["window:resize"]},{"__symbolic":"call","expression":{"__symbolic":"reference","module":"../../utils/throttle","name":"throttleable","line":113,"character":3},"arguments":[100]}]}]}}}}]