[{"__symbolic":"module","version":4,"metadata":{"TooltipModule":{"__symbolic":"class","decorators":[{"__symbolic":"call","expression":{"__symbolic":"reference","module":"@angular/core","name":"NgModule","line":9,"character":1},"arguments":[{"declarations":[{"__symbolic":"reference","module":"./tooltip.component","name":"TooltipContentComponent","line":10,"character":17},{"__symbolic":"reference","module":"./tooltip.directive","name":"TooltipDirective","line":10,"character":42}],"providers":[{"__symbolic":"reference","module":"./injection.service","name":"InjectionService","line":11,"character":14},{"__symbolic":"reference","module":"./tooltip.service","name":"TooltipService","line":11,"character":32}],"exports":[{"__symbolic":"reference","module":"./tooltip.component","name":"TooltipContentComponent","line":12,"character":12},{"__symbolic":"reference","module":"./tooltip.directive","name":"TooltipDirective","line":12,"character":37}],"imports":[{"__symbolic":"reference","module":"@angular/common","name":"CommonModule","line":13,"character":12}],"entryComponents":[{"__symbolic":"reference","module":"./tooltip.component","name":"TooltipContentComponent","line":14,"character":20}]}]}]}}}]