[{"__symbolic":"module","version":4,"metadata":{"TooltipService":{"__symbolic":"class","extends":{"__symbolic":"reference","module":"./injection-registery.service","name":"InjectionRegistery","line":6,"character":36},"decorators":[{"__symbolic":"call","expression":{"__symbolic":"reference","module":"@angular/core","name":"Injectable","line":5,"character":1}}],"members":{"__ctor__":[{"__symbolic":"constructor","parameters":[{"__symbolic":"reference","module":"./injection.service","name":"InjectionService","line":10,"character":39}]}]}}}}]