[{"__symbolic":"module","version":4,"metadata":{"BarVertical2DComponent":{"__symbolic":"class","extends":{"__symbolic":"reference","module":"../common/base-chart.component","name":"BaseChartComponent","line":105,"character":44},"decorators":[{"__symbolic":"call","expression":{"__symbolic":"reference","module":"@angular/core","name":"Component","line":22,"character":1},"arguments":[{"selector":"ngx-charts-bar-vertical-2d","template":"\n    <ngx-charts-chart\n      [view]=\"[width, height]\"\n      [showLegend]=\"legend\"\n      [legendOptions]=\"legendOptions\"\n      [activeEntries]=\"activeEntries\"\n      [animations]=\"animations\"\n      (legendLabelActivate)=\"onActivate($event)\"\n      (legendLabelDeactivate)=\"onDeactivate($event)\"\n      (legendLabelClick)=\"onClick($event)\">\n      <svg:g [attr.transform]=\"transform\" class=\"bar-chart chart\">\n        <svg:g ngx-charts-grid-panel-series\n          [xScale]=\"groupScale\"\n          [yScale]=\"valueScale\"\n          [data]=\"results\"\n          [dims]=\"dims\"\n          orient=\"vertical\">\n        </svg:g>\n        <svg:g ngx-charts-x-axis\n          *ngIf=\"xAxis\"\n          [xScale]=\"groupScale\"\n          [dims]=\"dims\"\n          [showLabel]=\"showXAxisLabel\"\n          [labelText]=\"xAxisLabel\"\n          [tickFormatting]=\"xAxisTickFormatting\"\n          [ticks]=\"xAxisTicks\"\n          [xAxisOffset]=\"dataLabelMaxHeight.negative\"\n          (dimensionsChanged)=\"updateXAxisHeight($event)\">\n        </svg:g>\n        <svg:g ngx-charts-y-axis\n          *ngIf=\"yAxis\"\n          [yScale]=\"valueScale\"\n          [dims]=\"dims\"\n          [showGridLines]=\"showGridLines\"\n          [showLabel]=\"showYAxisLabel\"\n          [labelText]=\"yAxisLabel\"\n          [tickFormatting]=\"yAxisTickFormatting\"\n          [ticks]=\"yAxisTicks\"\n          (dimensionsChanged)=\"updateYAxisWidth($event)\">\n        </svg:g>\n        <svg:g ngx-charts-series-vertical\n          *ngFor=\"let group of results; let index = index; trackBy:trackBy\"\n          [@animationState]=\"'active'\"\n          [attr.transform]=\"groupTransform(group)\"\n          [activeEntries]=\"activeEntries\"\n          [xScale]=\"innerScale\"\n          [yScale]=\"valueScale\"\n          [colors]=\"colors\"\n          [series]=\"group.series\"\n          [dims]=\"dims\"\n          [gradient]=\"gradient\"\n          [tooltipDisabled]=\"tooltipDisabled\"\n          [tooltipTemplate]=\"tooltipTemplate\"\n          [showDataLabel]=\"showDataLabel\"\n          [dataLabelFormatting]=\"dataLabelFormatting\"\n          [seriesName]=\"group.name\"\n          [roundEdges]=\"roundEdges\"\n          [animations]=\"animations\"\n          (select)=\"onClick($event, group)\"\n          (activate)=\"onActivate($event, group)\"\n          (deactivate)=\"onDeactivate($event, group)\"\n          (dataLabelHeightChanged)=\"onDataLabelMaxHeightChanged($event, index)\"\n        />\n        </svg:g>\n    </ngx-charts-chart>\n  ","styleUrls":["../common/base-chart.component.css"],"encapsulation":{"__symbolic":"select","expression":{"__symbolic":"reference","module":"@angular/core","name":"ViewEncapsulation","line":91,"character":17},"member":"None"},"changeDetection":{"__symbolic":"select","expression":{"__symbolic":"reference","module":"@angular/core","name":"ChangeDetectionStrategy","line":92,"character":19},"member":"OnPush"},"animations":[{"__symbolic":"call","expression":{"__symbolic":"reference","module":"@angular/animations","name":"trigger","line":94,"character":4},"arguments":["animationState",[{"__symbolic":"call","expression":{"__symbolic":"reference","module":"@angular/animations","name":"transition","line":95,"character":6},"arguments":[":leave",[{"__symbolic":"call","expression":{"__symbolic":"reference","module":"@angular/animations","name":"style","line":96,"character":8},"arguments":[{"opacity":1,"transform":"*"}]},{"__symbolic":"call","expression":{"__symbolic":"reference","module":"@angular/animations","name":"animate","line":100,"character":8},"arguments":[500,{"__symbolic":"call","expression":{"__symbolic":"reference","module":"@angular/animations","name":"style","line":100,"character":21},"arguments":[{"opacity":0,"transform":"scale(0)"}]}]}]]}]]}]}]}],"members":{"legend":[{"__symbolic":"property","decorators":[{"__symbolic":"call","expression":{"__symbolic":"reference","module":"@angular/core","name":"Input","line":107,"character":3}}]}],"legendTitle":[{"__symbolic":"property","decorators":[{"__symbolic":"call","expression":{"__symbolic":"reference","module":"@angular/core","name":"Input","line":108,"character":3}}]}],"legendPosition":[{"__symbolic":"property","decorators":[{"__symbolic":"call","expression":{"__symbolic":"reference","module":"@angular/core","name":"Input","line":109,"character":3}}]}],"xAxis":[{"__symbolic":"property","decorators":[{"__symbolic":"call","expression":{"__symbolic":"reference","module":"@angular/core","name":"Input","line":110,"character":3}}]}],"yAxis":[{"__symbolic":"property","decorators":[{"__symbolic":"call","expression":{"__symbolic":"reference","module":"@angular/core","name":"Input","line":111,"character":3}}]}],"showXAxisLabel":[{"__symbolic":"property","decorators":[{"__symbolic":"call","expression":{"__symbolic":"reference","module":"@angular/core","name":"Input","line":112,"character":3}}]}],"showYAxisLabel":[{"__symbolic":"property","decorators":[{"__symbolic":"call","expression":{"__symbolic":"reference","module":"@angular/core","name":"Input","line":113,"character":3}}]}],"xAxisLabel":[{"__symbolic":"property","decorators":[{"__symbolic":"call","expression":{"__symbolic":"reference","module":"@angular/core","name":"Input","line":114,"character":3}}]}],"yAxisLabel":[{"__symbolic":"property","decorators":[{"__symbolic":"call","expression":{"__symbolic":"reference","module":"@angular/core","name":"Input","line":115,"character":3}}]}],"tooltipDisabled":[{"__symbolic":"property","decorators":[{"__symbolic":"call","expression":{"__symbolic":"reference","module":"@angular/core","name":"Input","line":116,"character":3}}]}],"scaleType":[{"__symbolic":"property","decorators":[{"__symbolic":"call","expression":{"__symbolic":"reference","module":"@angular/core","name":"Input","line":117,"character":3}}]}],"gradient":[{"__symbolic":"property","decorators":[{"__symbolic":"call","expression":{"__symbolic":"reference","module":"@angular/core","name":"Input","line":118,"character":3}}]}],"showGridLines":[{"__symbolic":"property","decorators":[{"__symbolic":"call","expression":{"__symbolic":"reference","module":"@angular/core","name":"Input","line":119,"character":3}}]}],"activeEntries":[{"__symbolic":"property","decorators":[{"__symbolic":"call","expression":{"__symbolic":"reference","module":"@angular/core","name":"Input","line":120,"character":3}}]}],"schemeType":[{"__symbolic":"property","decorators":[{"__symbolic":"call","expression":{"__symbolic":"reference","module":"@angular/core","name":"Input","line":121,"character":3}}]}],"xAxisTickFormatting":[{"__symbolic":"property","decorators":[{"__symbolic":"call","expression":{"__symbolic":"reference","module":"@angular/core","name":"Input","line":122,"character":3}}]}],"yAxisTickFormatting":[{"__symbolic":"property","decorators":[{"__symbolic":"call","expression":{"__symbolic":"reference","module":"@angular/core","name":"Input","line":123,"character":3}}]}],"xAxisTicks":[{"__symbolic":"property","decorators":[{"__symbolic":"call","expression":{"__symbolic":"reference","module":"@angular/core","name":"Input","line":124,"character":3}}]}],"yAxisTicks":[{"__symbolic":"property","decorators":[{"__symbolic":"call","expression":{"__symbolic":"reference","module":"@angular/core","name":"Input","line":125,"character":3}}]}],"groupPadding":[{"__symbolic":"property","decorators":[{"__symbolic":"call","expression":{"__symbolic":"reference","module":"@angular/core","name":"Input","line":126,"character":3}}]}],"barPadding":[{"__symbolic":"property","decorators":[{"__symbolic":"call","expression":{"__symbolic":"reference","module":"@angular/core","name":"Input","line":127,"character":3}}]}],"roundDomains":[{"__symbolic":"property","decorators":[{"__symbolic":"call","expression":{"__symbolic":"reference","module":"@angular/core","name":"Input","line":128,"character":3}}]}],"roundEdges":[{"__symbolic":"property","decorators":[{"__symbolic":"call","expression":{"__symbolic":"reference","module":"@angular/core","name":"Input","line":129,"character":3}}]}],"yScaleMax":[{"__symbolic":"property","decorators":[{"__symbolic":"call","expression":{"__symbolic":"reference","module":"@angular/core","name":"Input","line":130,"character":3}}]}],"showDataLabel":[{"__symbolic":"property","decorators":[{"__symbolic":"call","expression":{"__symbolic":"reference","module":"@angular/core","name":"Input","line":131,"character":3}}]}],"dataLabelFormatting":[{"__symbolic":"property","decorators":[{"__symbolic":"call","expression":{"__symbolic":"reference","module":"@angular/core","name":"Input","line":132,"character":3}}]}],"activate":[{"__symbolic":"property","decorators":[{"__symbolic":"call","expression":{"__symbolic":"reference","module":"@angular/core","name":"Output","line":134,"character":3}}]}],"deactivate":[{"__symbolic":"property","decorators":[{"__symbolic":"call","expression":{"__symbolic":"reference","module":"@angular/core","name":"Output","line":135,"character":3}}]}],"tooltipTemplate":[{"__symbolic":"property","decorators":[{"__symbolic":"call","expression":{"__symbolic":"reference","module":"@angular/core","name":"ContentChild","line":137,"character":3},"arguments":["tooltipTemplate"]}]}],"update":[{"__symbolic":"method"}],"onDataLabelMaxHeightChanged":[{"__symbolic":"method"}],"getGroupScale":[{"__symbolic":"method"}],"getInnerScale":[{"__symbolic":"method"}],"getValueScale":[{"__symbolic":"method"}],"getGroupDomain":[{"__symbolic":"method"}],"getInnerDomain":[{"__symbolic":"method"}],"getValueDomain":[{"__symbolic":"method"}],"groupTransform":[{"__symbolic":"method"}],"onClick":[{"__symbolic":"method"}],"trackBy":[{"__symbolic":"method"}],"setColors":[{"__symbolic":"method"}],"getLegendOptions":[{"__symbolic":"method"}],"updateYAxisWidth":[{"__symbolic":"method"}],"updateXAxisHeight":[{"__symbolic":"method"}],"onActivate":[{"__symbolic":"method"}],"onDeactivate":[{"__symbolic":"method"}]}}}}]