[{"__symbolic":"module","version":4,"metadata":{"BarHorizontalComponent":{"__symbolic":"class","extends":{"__symbolic":"reference","module":"../common/base-chart.component","name":"BaseChartComponent","line":78,"character":44},"decorators":[{"__symbolic":"call","expression":{"__symbolic":"reference","module":"@angular/core","name":"Component","line":16,"character":1},"arguments":[{"selector":"ngx-charts-bar-horizontal","template":"\n    <ngx-charts-chart\n      [view]=\"[width, height]\"\n      [showLegend]=\"legend\"\n      [legendOptions]=\"legendOptions\"\n      [activeEntries]=\"activeEntries\"\n      [animations]=\"animations\"\n      (legendLabelClick)=\"onClick($event)\"\n      (legendLabelActivate)=\"onActivate($event)\"\n      (legendLabelDeactivate)=\"onDeactivate($event)\">\n      <svg:g [attr.transform]=\"transform\" class=\"bar-chart chart\">\n        <svg:g ngx-charts-x-axis\n          *ngIf=\"xAxis\"\n          [xScale]=\"xScale\"\n          [dims]=\"dims\"\n          [showGridLines]=\"showGridLines\"\n          [showLabel]=\"showXAxisLabel\"\n          [labelText]=\"xAxisLabel\"\n          [tickFormatting]=\"xAxisTickFormatting\"\n          [ticks]=\"xAxisTicks\"\n          (dimensionsChanged)=\"updateXAxisHeight($event)\">\n        </svg:g>\n        <svg:g ngx-charts-y-axis\n          *ngIf=\"yAxis\"\n          [yScale]=\"yScale\"\n          [dims]=\"dims\"\n          [showLabel]=\"showYAxisLabel\"\n          [labelText]=\"yAxisLabel\"\n          [tickFormatting]=\"yAxisTickFormatting\"\n          [ticks]=\"yAxisTicks\"\n          [yAxisOffset]=\"dataLabelMaxWidth.negative\"\n          (dimensionsChanged)=\"updateYAxisWidth($event)\">\n        </svg:g>\n        <svg:g ngx-charts-series-horizontal\n          [xScale]=\"xScale\"\n          [yScale]=\"yScale\"\n          [colors]=\"colors\"\n          [series]=\"results\"\n          [dims]=\"dims\"\n          [gradient]=\"gradient\"\n          [tooltipDisabled]=\"tooltipDisabled\"\n          [tooltipTemplate]=\"tooltipTemplate\"\n          [activeEntries]=\"activeEntries\"\n          [roundEdges]=\"roundEdges\"\n          [animations]=\"animations\"\n          [showDataLabel]=\"showDataLabel\"\n          [dataLabelFormatting]=\"dataLabelFormatting\"\n          (select)=\"onClick($event)\"\n          (activate)=\"onActivate($event)\"\n          (deactivate)=\"onDeactivate($event)\"\n          (dataLabelWidthChanged)=\"onDataLabelMaxWidthChanged($event)\"\n          >\n        </svg:g>\n      </svg:g>\n    </ngx-charts-chart>\n  ","changeDetection":{"__symbolic":"select","expression":{"__symbolic":"reference","module":"@angular/core","name":"ChangeDetectionStrategy","line":74,"character":19},"member":"OnPush"},"styleUrls":["../common/base-chart.component.css"],"encapsulation":{"__symbolic":"select","expression":{"__symbolic":"reference","module":"@angular/core","name":"ViewEncapsulation","line":76,"character":17},"member":"None"}}]}],"members":{"legend":[{"__symbolic":"property","decorators":[{"__symbolic":"call","expression":{"__symbolic":"reference","module":"@angular/core","name":"Input","line":80,"character":3}}]}],"legendTitle":[{"__symbolic":"property","decorators":[{"__symbolic":"call","expression":{"__symbolic":"reference","module":"@angular/core","name":"Input","line":81,"character":3}}]}],"legendPosition":[{"__symbolic":"property","decorators":[{"__symbolic":"call","expression":{"__symbolic":"reference","module":"@angular/core","name":"Input","line":82,"character":3}}]}],"xAxis":[{"__symbolic":"property","decorators":[{"__symbolic":"call","expression":{"__symbolic":"reference","module":"@angular/core","name":"Input","line":83,"character":3}}]}],"yAxis":[{"__symbolic":"property","decorators":[{"__symbolic":"call","expression":{"__symbolic":"reference","module":"@angular/core","name":"Input","line":84,"character":3}}]}],"showXAxisLabel":[{"__symbolic":"property","decorators":[{"__symbolic":"call","expression":{"__symbolic":"reference","module":"@angular/core","name":"Input","line":85,"character":3}}]}],"showYAxisLabel":[{"__symbolic":"property","decorators":[{"__symbolic":"call","expression":{"__symbolic":"reference","module":"@angular/core","name":"Input","line":86,"character":3}}]}],"xAxisLabel":[{"__symbolic":"property","decorators":[{"__symbolic":"call","expression":{"__symbolic":"reference","module":"@angular/core","name":"Input","line":87,"character":3}}]}],"yAxisLabel":[{"__symbolic":"property","decorators":[{"__symbolic":"call","expression":{"__symbolic":"reference","module":"@angular/core","name":"Input","line":88,"character":3}}]}],"tooltipDisabled":[{"__symbolic":"property","decorators":[{"__symbolic":"call","expression":{"__symbolic":"reference","module":"@angular/core","name":"Input","line":89,"character":3}}]}],"gradient":[{"__symbolic":"property","decorators":[{"__symbolic":"call","expression":{"__symbolic":"reference","module":"@angular/core","name":"Input","line":90,"character":3}}]}],"showGridLines":[{"__symbolic":"property","decorators":[{"__symbolic":"call","expression":{"__symbolic":"reference","module":"@angular/core","name":"Input","line":91,"character":3}}]}],"activeEntries":[{"__symbolic":"property","decorators":[{"__symbolic":"call","expression":{"__symbolic":"reference","module":"@angular/core","name":"Input","line":92,"character":3}}]}],"schemeType":[{"__symbolic":"property","decorators":[{"__symbolic":"call","expression":{"__symbolic":"reference","module":"@angular/core","name":"Input","line":93,"character":3}}]}],"xAxisTickFormatting":[{"__symbolic":"property","decorators":[{"__symbolic":"call","expression":{"__symbolic":"reference","module":"@angular/core","name":"Input","line":94,"character":3}}]}],"yAxisTickFormatting":[{"__symbolic":"property","decorators":[{"__symbolic":"call","expression":{"__symbolic":"reference","module":"@angular/core","name":"Input","line":95,"character":3}}]}],"xAxisTicks":[{"__symbolic":"property","decorators":[{"__symbolic":"call","expression":{"__symbolic":"reference","module":"@angular/core","name":"Input","line":96,"character":3}}]}],"yAxisTicks":[{"__symbolic":"property","decorators":[{"__symbolic":"call","expression":{"__symbolic":"reference","module":"@angular/core","name":"Input","line":97,"character":3}}]}],"barPadding":[{"__symbolic":"property","decorators":[{"__symbolic":"call","expression":{"__symbolic":"reference","module":"@angular/core","name":"Input","line":98,"character":3}}]}],"roundDomains":[{"__symbolic":"property","decorators":[{"__symbolic":"call","expression":{"__symbolic":"reference","module":"@angular/core","name":"Input","line":99,"character":3}}]}],"roundEdges":[{"__symbolic":"property","decorators":[{"__symbolic":"call","expression":{"__symbolic":"reference","module":"@angular/core","name":"Input","line":100,"character":3}}]}],"xScaleMax":[{"__symbolic":"property","decorators":[{"__symbolic":"call","expression":{"__symbolic":"reference","module":"@angular/core","name":"Input","line":101,"character":3}}]}],"xScaleMin":[{"__symbolic":"property","decorators":[{"__symbolic":"call","expression":{"__symbolic":"reference","module":"@angular/core","name":"Input","line":102,"character":3}}]}],"showDataLabel":[{"__symbolic":"property","decorators":[{"__symbolic":"call","expression":{"__symbolic":"reference","module":"@angular/core","name":"Input","line":103,"character":3}}]}],"dataLabelFormatting":[{"__symbolic":"property","decorators":[{"__symbolic":"call","expression":{"__symbolic":"reference","module":"@angular/core","name":"Input","line":104,"character":3}}]}],"activate":[{"__symbolic":"property","decorators":[{"__symbolic":"call","expression":{"__symbolic":"reference","module":"@angular/core","name":"Output","line":106,"character":3}}]}],"deactivate":[{"__symbolic":"property","decorators":[{"__symbolic":"call","expression":{"__symbolic":"reference","module":"@angular/core","name":"Output","line":107,"character":3}}]}],"tooltipTemplate":[{"__symbolic":"property","decorators":[{"__symbolic":"call","expression":{"__symbolic":"reference","module":"@angular/core","name":"ContentChild","line":109,"character":3},"arguments":["tooltipTemplate"]}]}],"update":[{"__symbolic":"method"}],"getXScale":[{"__symbolic":"method"}],"getYScale":[{"__symbolic":"method"}],"getXDomain":[{"__symbolic":"method"}],"getYDomain":[{"__symbolic":"method"}],"onClick":[{"__symbolic":"method"}],"setColors":[{"__symbolic":"method"}],"getLegendOptions":[{"__symbolic":"method"}],"updateYAxisWidth":[{"__symbolic":"method"}],"updateXAxisHeight":[{"__symbolic":"method"}],"onDataLabelMaxWidthChanged":[{"__symbolic":"method"}],"onActivate":[{"__symbolic":"method"}],"onDeactivate":[{"__symbolic":"method"}]}}}}]