[{"__symbolic":"module","version":4,"metadata":{"BarLabelComponent":{"__symbolic":"class","decorators":[{"__symbolic":"call","expression":{"__symbolic":"reference","module":"@angular/core","name":"Component","line":12,"character":1},"arguments":[{"selector":"g[ngx-charts-bar-label]","template":"  \n    <svg:text   \n      class=\"textDataLabel\" \n      alignment-baseline=\"middle\"     \n      [attr.text-anchor]=\"textAnchor\"\n      [attr.transform]=\"transform\"\n      [attr.x]=\"x\" \n      [attr.y]=\"y\">\n      {{formatedValue}}     \n    </svg:text>          \n\n  ","styleUrls":["./bar-label.component.css"],"changeDetection":{"__symbolic":"select","expression":{"__symbolic":"reference","module":"@angular/core","name":"ChangeDetectionStrategy","line":27,"character":19},"member":"OnPush"}}]}],"members":{"value":[{"__symbolic":"property","decorators":[{"__symbolic":"call","expression":{"__symbolic":"reference","module":"@angular/core","name":"Input","line":32,"character":5}}]}],"valueFormatting":[{"__symbolic":"property","decorators":[{"__symbolic":"call","expression":{"__symbolic":"reference","module":"@angular/core","name":"Input","line":33,"character":5}}]}],"barX":[{"__symbolic":"property","decorators":[{"__symbolic":"call","expression":{"__symbolic":"reference","module":"@angular/core","name":"Input","line":34,"character":5}}]}],"barY":[{"__symbolic":"property","decorators":[{"__symbolic":"call","expression":{"__symbolic":"reference","module":"@angular/core","name":"Input","line":35,"character":5}}]}],"barWidth":[{"__symbolic":"property","decorators":[{"__symbolic":"call","expression":{"__symbolic":"reference","module":"@angular/core","name":"Input","line":36,"character":5}}]}],"barHeight":[{"__symbolic":"property","decorators":[{"__symbolic":"call","expression":{"__symbolic":"reference","module":"@angular/core","name":"Input","line":37,"character":5}}]}],"orientation":[{"__symbolic":"property","decorators":[{"__symbolic":"call","expression":{"__symbolic":"reference","module":"@angular/core","name":"Input","line":38,"character":5}}]}],"dimensionsChanged":[{"__symbolic":"property","decorators":[{"__symbolic":"call","expression":{"__symbolic":"reference","module":"@angular/core","name":"Output","line":40,"character":5}}]}],"__ctor__":[{"__symbolic":"constructor","parameters":[{"__symbolic":"reference","module":"@angular/core","name":"ElementRef","line":51,"character":25}]}],"ngOnChanges":[{"__symbolic":"method"}],"getSize":[{"__symbolic":"method"}],"ngAfterViewInit":[{"__symbolic":"method"}],"update":[{"__symbolic":"method"}]}}}}]