[{"__symbolic":"module","version":4,"metadata":{"BarChartModule":{"__symbolic":"class","decorators":[{"__symbolic":"call","expression":{"__symbolic":"reference","module":"@angular/core","name":"NgModule","line":15,"character":1},"arguments":[{"imports":[{"__symbolic":"reference","module":"../common/chart-common.module","name":"ChartCommonModule","line":16,"character":12}],"declarations":[{"__symbolic":"reference","module":"./bar.component","name":"BarComponent","line":18,"character":4},{"__symbolic":"reference","module":"./bar-horizontal.component","name":"BarHorizontalComponent","line":19,"character":4},{"__symbolic":"reference","module":"./bar-horizontal-2d.component","name":"BarHorizontal2DComponent","line":20,"character":4},{"__symbolic":"reference","module":"./bar-horizontal-normalized.component","name":"BarHorizontalNormalizedComponent","line":21,"character":4},{"__symbolic":"reference","module":"./bar-horizontal-stacked.component","name":"BarHorizontalStackedComponent","line":22,"character":4},{"__symbolic":"reference","module":"./bar-vertical.component","name":"BarVerticalComponent","line":23,"character":4},{"__symbolic":"reference","module":"./bar-vertical-2d.component","name":"BarVertical2DComponent","line":24,"character":4},{"__symbolic":"reference","module":"./bar-vertical-normalized.component","name":"BarVerticalNormalizedComponent","line":25,"character":4},{"__symbolic":"reference","module":"./bar-vertical-stacked.component","name":"BarVerticalStackedComponent","line":26,"character":4},{"__symbolic":"reference","module":"./bar-label.component","name":"BarLabelComponent","line":27,"character":4},{"__symbolic":"reference","module":"./series-horizontal.component","name":"SeriesHorizontal","line":28,"character":4},{"__symbolic":"reference","module":"./series-vertical.component","name":"SeriesVerticalComponent","line":29,"character":4}],"exports":[{"__symbolic":"reference","module":"./bar.component","name":"BarComponent","line":32,"character":4},{"__symbolic":"reference","module":"./bar-horizontal.component","name":"BarHorizontalComponent","line":33,"character":4},{"__symbolic":"reference","module":"./bar-horizontal-2d.component","name":"BarHorizontal2DComponent","line":34,"character":4},{"__symbolic":"reference","module":"./bar-horizontal-normalized.component","name":"BarHorizontalNormalizedComponent","line":35,"character":4},{"__symbolic":"reference","module":"./bar-horizontal-stacked.component","name":"BarHorizontalStackedComponent","line":36,"character":4},{"__symbolic":"reference","module":"./bar-vertical.component","name":"BarVerticalComponent","line":37,"character":4},{"__symbolic":"reference","module":"./bar-vertical-2d.component","name":"BarVertical2DComponent","line":38,"character":4},{"__symbolic":"reference","module":"./bar-vertical-normalized.component","name":"BarVerticalNormalizedComponent","line":39,"character":4},{"__symbolic":"reference","module":"./bar-vertical-stacked.component","name":"BarVerticalStackedComponent","line":40,"character":4},{"__symbolic":"reference","module":"./bar-label.component","name":"BarLabelComponent","line":41,"character":4},{"__symbolic":"reference","module":"./series-horizontal.component","name":"SeriesHorizontal","line":42,"character":4},{"__symbolic":"reference","module":"./series-vertical.component","name":"SeriesVerticalComponent","line":43,"character":4}]}]}]}}}]