[{"__symbolic":"module","version":4,"metadata":{},"exports":[{"from":"./bar-chart.module"},{"from":"./bar.component"},{"from":"./bar-horizontal.component"},{"from":"./bar-horizontal-2d.component"},{"from":"./bar-horizontal-normalized.component"},{"from":"./bar-horizontal-stacked.component"},{"from":"./series-horizontal.component"},{"from":"./bar-label.component"},{"from":"./bar-vertical.component"},{"from":"./bar-vertical-2d.component"},{"from":"./bar-vertical-normalized.component"},{"from":"./bar-vertical-stacked.component"},{"from":"./series-vertical.component"}]}]