[{"__symbolic":"module","version":4,"metadata":{"D0Types":{"positive":"positive","negative":"negative"},"SeriesVerticalComponent":{"__symbolic":"class","decorators":[{"__symbolic":"call","expression":{"__symbolic":"reference","module":"@angular/core","name":"Component","line":22,"character":1},"arguments":[{"selector":"g[ngx-charts-series-vertical]","template":"\n    <svg:g ngx-charts-bar\n      *ngFor=\"let bar of bars; trackBy: trackBy\"\n      [@animationState]=\"'active'\"\n      [@.disabled]=\"!animations\"\n      [width]=\"bar.width\"\n      [height]=\"bar.height\"\n      [x]=\"bar.x\"\n      [y]=\"bar.y\"\n      [fill]=\"bar.color\"\n      [stops]=\"bar.gradientStops\"\n      [data]=\"bar.data\"\n      [orientation]=\"'vertical'\"\n      [roundEdges]=\"bar.roundEdges\"\n      [gradient]=\"gradient\"\n      [ariaLabel]=\"bar.ariaLabel\"\n      [isActive]=\"isActive(bar.data)\"\n      (select)=\"onClick($event)\"\n      (activate)=\"activate.emit($event)\"\n      (deactivate)=\"deactivate.emit($event)\"\n      ngx-tooltip\n      [tooltipDisabled]=\"tooltipDisabled\"\n      [tooltipPlacement]=\"tooltipPlacement\"\n      [tooltipType]=\"tooltipType\"\n      [tooltipTitle]=\"tooltipTemplate ? undefined : bar.tooltipText\"\n      [tooltipTemplate]=\"tooltipTemplate\"\n      [tooltipContext]=\"bar.data\"\n      [animations]=\"animations\">\n    </svg:g>\n    <svg:g *ngIf=\"showDataLabel\">\n      <svg:g ngx-charts-bar-label *ngFor=\"let b of barsForDataLabels; let i = index; trackBy:trackDataLabelBy\"         \n        [barX]=\"b.x\"\n        [barY]=\"b.y\"\n        [barWidth]=\"b.width\"\n        [barHeight]=\"b.height\"\n        [value]=\"b.total\"\n        [valueFormatting]=\"dataLabelFormatting\"\n        [orientation]=\"'vertical'\"\n        (dimensionsChanged)=\"dataLabelHeightChanged.emit({size:$event, index:i})\"\n      />\n    </svg:g> \n  ","changeDetection":{"__symbolic":"select","expression":{"__symbolic":"reference","module":"@angular/core","name":"ChangeDetectionStrategy","line":66,"character":19},"member":"OnPush"},"animations":[{"__symbolic":"call","expression":{"__symbolic":"reference","module":"@angular/animations","name":"trigger","line":68,"character":4},"arguments":["animationState",[{"__symbolic":"call","expression":{"__symbolic":"reference","module":"@angular/animations","name":"transition","line":69,"character":6},"arguments":[":leave",[{"__symbolic":"call","expression":{"__symbolic":"reference","module":"@angular/animations","name":"style","line":70,"character":8},"arguments":[{"opacity":1}]},{"__symbolic":"call","expression":{"__symbolic":"reference","module":"@angular/animations","name":"animate","line":73,"character":8},"arguments":[500,{"__symbolic":"call","expression":{"__symbolic":"reference","module":"@angular/animations","name":"style","line":73,"character":21},"arguments":[{"opacity":0}]}]}]]}]]}]}]}],"members":{"dims":[{"__symbolic":"property","decorators":[{"__symbolic":"call","expression":{"__symbolic":"reference","module":"@angular/core","name":"Input","line":80,"character":3}}]}],"type":[{"__symbolic":"property","decorators":[{"__symbolic":"call","expression":{"__symbolic":"reference","module":"@angular/core","name":"Input","line":81,"character":3}}]}],"series":[{"__symbolic":"property","decorators":[{"__symbolic":"call","expression":{"__symbolic":"reference","module":"@angular/core","name":"Input","line":82,"character":3}}]}],"xScale":[{"__symbolic":"property","decorators":[{"__symbolic":"call","expression":{"__symbolic":"reference","module":"@angular/core","name":"Input","line":83,"character":3}}]}],"yScale":[{"__symbolic":"property","decorators":[{"__symbolic":"call","expression":{"__symbolic":"reference","module":"@angular/core","name":"Input","line":84,"character":3}}]}],"colors":[{"__symbolic":"property","decorators":[{"__symbolic":"call","expression":{"__symbolic":"reference","module":"@angular/core","name":"Input","line":85,"character":3}}]}],"gradient":[{"__symbolic":"property","decorators":[{"__symbolic":"call","expression":{"__symbolic":"reference","module":"@angular/core","name":"Input","line":86,"character":3}}]}],"activeEntries":[{"__symbolic":"property","decorators":[{"__symbolic":"call","expression":{"__symbolic":"reference","module":"@angular/core","name":"Input","line":87,"character":3}}]}],"seriesName":[{"__symbolic":"property","decorators":[{"__symbolic":"call","expression":{"__symbolic":"reference","module":"@angular/core","name":"Input","line":88,"character":3}}]}],"tooltipDisabled":[{"__symbolic":"property","decorators":[{"__symbolic":"call","expression":{"__symbolic":"reference","module":"@angular/core","name":"Input","line":89,"character":3}}]}],"tooltipTemplate":[{"__symbolic":"property","decorators":[{"__symbolic":"call","expression":{"__symbolic":"reference","module":"@angular/core","name":"Input","line":90,"character":3}}]}],"roundEdges":[{"__symbolic":"property","decorators":[{"__symbolic":"call","expression":{"__symbolic":"reference","module":"@angular/core","name":"Input","line":91,"character":3}}]}],"animations":[{"__symbolic":"property","decorators":[{"__symbolic":"call","expression":{"__symbolic":"reference","module":"@angular/core","name":"Input","line":92,"character":3}}]}],"showDataLabel":[{"__symbolic":"property","decorators":[{"__symbolic":"call","expression":{"__symbolic":"reference","module":"@angular/core","name":"Input","line":93,"character":3}}]}],"dataLabelFormatting":[{"__symbolic":"property","decorators":[{"__symbolic":"call","expression":{"__symbolic":"reference","module":"@angular/core","name":"Input","line":94,"character":3}}]}],"select":[{"__symbolic":"property","decorators":[{"__symbolic":"call","expression":{"__symbolic":"reference","module":"@angular/core","name":"Output","line":96,"character":3}}]}],"activate":[{"__symbolic":"property","decorators":[{"__symbolic":"call","expression":{"__symbolic":"reference","module":"@angular/core","name":"Output","line":97,"character":3}}]}],"deactivate":[{"__symbolic":"property","decorators":[{"__symbolic":"call","expression":{"__symbolic":"reference","module":"@angular/core","name":"Output","line":98,"character":3}}]}],"dataLabelHeightChanged":[{"__symbolic":"property","decorators":[{"__symbolic":"call","expression":{"__symbolic":"reference","module":"@angular/core","name":"Output","line":99,"character":3}}]}],"ngOnChanges":[{"__symbolic":"method"}],"update":[{"__symbolic":"method"}],"updateDataLabels":[{"__symbolic":"method"}],"updateTooltipSettings":[{"__symbolic":"method"}],"isActive":[{"__symbolic":"method"}],"onClick":[{"__symbolic":"method"}],"trackBy":[{"__symbolic":"method"}],"trackDataLabelBy":[{"__symbolic":"method"}]}}}}]