{
  "schema": {
    "friends": {
      "type": "array",
      "items": {
        "type": "object",
        "title": "Friend",
        "properties": {
          "nick": {
            "type": "string",
            "title": "Nickname",
            "required": true
          },
          "gender": {
            "type": "string",
            "title": "Gender",
            "enum": [ "male", "female", "alien" ]
          },
          "age": {
            "type": "integer",
            "title": "Age"
          }
        }
      }
    }
  }
}
