{
  "schema": {
    "friends": {
      "type": "array",
      "items": {
        "type": "object",
        "title": "Friend",
        "properties": {
          "nick": {
            "type": "string",
            "title": "Nickname"
          },
          "animals": {
            "type": "array",
            "items": {
              "type": "string",
              "title": "Animal name"
            }
          }
        }
      }
    }
  },
  "form": [ {
    "type": "array",
    "items": {
      "type": "section",
      "items": [
        "friends[].nick",
        {
          "type": "array",
          "items": [
            "friends[].animals[]"
          ]
        }
      ]
    }
  } ]
}
