[{"__symbolic":"module","version":4,"metadata":{"AxesModule":{"__symbolic":"class","decorators":[{"__symbolic":"call","expression":{"__symbolic":"reference","module":"@angular/core","name":"NgModule","line":8,"character":1},"arguments":[{"imports":[{"__symbolic":"reference","module":"@angular/common","name":"CommonModule","line":9,"character":12}],"declarations":[{"__symbolic":"reference","module":"./axis-label.component","name":"AxisLabelComponent","line":10,"character":17},{"__symbolic":"reference","module":"./x-axis.component","name":"XAxisComponent","line":10,"character":37},{"__symbolic":"reference","module":"./x-axis-ticks.component","name":"XAxisTicksComponent","line":10,"character":53},{"__symbolic":"reference","module":"./y-axis.component","name":"YAxisComponent","line":10,"character":74},{"__symbolic":"reference","module":"./y-axis-ticks.component","name":"YAxisTicksComponent","line":10,"character":90}],"exports":[{"__symbolic":"reference","module":"./axis-label.component","name":"AxisLabelComponent","line":11,"character":12},{"__symbolic":"reference","module":"./x-axis.component","name":"XAxisComponent","line":11,"character":32},{"__symbolic":"reference","module":"./x-axis-ticks.component","name":"XAxisTicksComponent","line":11,"character":48},{"__symbolic":"reference","module":"./y-axis.component","name":"YAxisComponent","line":11,"character":69},{"__symbolic":"reference","module":"./y-axis-ticks.component","name":"YAxisTicksComponent","line":11,"character":85}]}]}]}}}]