[{"__symbolic":"module","version":4,"metadata":{"AxisLabelComponent":{"__symbolic":"class","decorators":[{"__symbolic":"call","expression":{"__symbolic":"reference","module":"@angular/core","name":"Component","line":9,"character":1},"arguments":[{"selector":"g[ngx-charts-axis-label]","template":"\n    <svg:text\n      [attr.stroke-width]=\"strokeWidth\"\n      [attr.x]=\"x\"\n      [attr.y]=\"y\"\n      [attr.text-anchor]=\"textAnchor\"\n      [attr.transform]=\"transform\">\n      {{label}}\n    </svg:text>\n  ","changeDetection":{"__symbolic":"select","expression":{"__symbolic":"reference","module":"@angular/core","name":"ChangeDetectionStrategy","line":21,"character":19},"member":"OnPush"}}]}],"members":{"orient":[{"__symbolic":"property","decorators":[{"__symbolic":"call","expression":{"__symbolic":"reference","module":"@angular/core","name":"Input","line":25,"character":3}}]}],"label":[{"__symbolic":"property","decorators":[{"__symbolic":"call","expression":{"__symbolic":"reference","module":"@angular/core","name":"Input","line":26,"character":3}}]}],"offset":[{"__symbolic":"property","decorators":[{"__symbolic":"call","expression":{"__symbolic":"reference","module":"@angular/core","name":"Input","line":27,"character":3}}]}],"width":[{"__symbolic":"property","decorators":[{"__symbolic":"call","expression":{"__symbolic":"reference","module":"@angular/core","name":"Input","line":28,"character":3}}]}],"height":[{"__symbolic":"property","decorators":[{"__symbolic":"call","expression":{"__symbolic":"reference","module":"@angular/core","name":"Input","line":29,"character":3}}]}],"__ctor__":[{"__symbolic":"constructor","parameters":[{"__symbolic":"reference","module":"@angular/core","name":"ElementRef","line":40,"character":23}]}],"ngOnChanges":[{"__symbolic":"method"}],"update":[{"__symbolic":"method"}]}}}}]