[{"__symbolic":"module","version":4,"metadata":{"XAxisTicksComponent":{"__symbolic":"class","decorators":[{"__symbolic":"call","expression":{"__symbolic":"reference","module":"@angular/core","name":"Component","line":15,"character":1},"arguments":[{"selector":"g[ngx-charts-x-axis-ticks]","template":"\n    <svg:g #ticksel>\n      <svg:g *ngFor=\"let tick of ticks\" class=\"tick\"\n        [attr.transform]=\"tickTransform(tick)\">\n        <title>{{tickFormat(tick)}}</title>\n        <svg:text\n          stroke-width=\"0.01\"\n          [attr.text-anchor]=\"textAnchor\"\n          [attr.transform]=\"textTransform\"\n          [style.font-size]=\"'12px'\">\n          {{trimLabel(tickFormat(tick))}}\n        </svg:text>\n      </svg:g>\n    </svg:g>\n\n    <svg:g *ngFor=\"let tick of ticks\"\n      [attr.transform]=\"tickTransform(tick)\">\n      <svg:g *ngIf=\"showGridLines\"\n        [attr.transform]=\"gridLineTransform()\">\n        <svg:line\n          class=\"gridline-path gridline-path-vertical\"\n          [attr.y1]=\"-gridLineHeight\"\n          y2=\"0\" />\n      </svg:g>\n    </svg:g>\n  ","changeDetection":{"__symbolic":"select","expression":{"__symbolic":"reference","module":"@angular/core","name":"ChangeDetectionStrategy","line":43,"character":19},"member":"OnPush"}}]}],"members":{"scale":[{"__symbolic":"property","decorators":[{"__symbolic":"call","expression":{"__symbolic":"reference","module":"@angular/core","name":"Input","line":47,"character":3}}]}],"orient":[{"__symbolic":"property","decorators":[{"__symbolic":"call","expression":{"__symbolic":"reference","module":"@angular/core","name":"Input","line":48,"character":3}}]}],"tickArguments":[{"__symbolic":"property","decorators":[{"__symbolic":"call","expression":{"__symbolic":"reference","module":"@angular/core","name":"Input","line":49,"character":3}}]}],"tickValues":[{"__symbolic":"property","decorators":[{"__symbolic":"call","expression":{"__symbolic":"reference","module":"@angular/core","name":"Input","line":50,"character":3}}]}],"tickStroke":[{"__symbolic":"property","decorators":[{"__symbolic":"call","expression":{"__symbolic":"reference","module":"@angular/core","name":"Input","line":51,"character":3}}]}],"tickFormatting":[{"__symbolic":"property","decorators":[{"__symbolic":"call","expression":{"__symbolic":"reference","module":"@angular/core","name":"Input","line":52,"character":3}}]}],"showGridLines":[{"__symbolic":"property","decorators":[{"__symbolic":"call","expression":{"__symbolic":"reference","module":"@angular/core","name":"Input","line":53,"character":3}}]}],"gridLineHeight":[{"__symbolic":"property","decorators":[{"__symbolic":"call","expression":{"__symbolic":"reference","module":"@angular/core","name":"Input","line":54,"character":3}}]}],"width":[{"__symbolic":"property","decorators":[{"__symbolic":"call","expression":{"__symbolic":"reference","module":"@angular/core","name":"Input","line":55,"character":3}}]}],"dimensionsChanged":[{"__symbolic":"property","decorators":[{"__symbolic":"call","expression":{"__symbolic":"reference","module":"@angular/core","name":"Output","line":57,"character":3}}]}],"ticksElement":[{"__symbolic":"property","decorators":[{"__symbolic":"call","expression":{"__symbolic":"reference","module":"@angular/core","name":"ViewChild","line":74,"character":3},"arguments":["ticksel"]}]}],"__ctor__":[{"__symbolic":"constructor"}],"ngOnChanges":[{"__symbolic":"method"}],"ngAfterViewInit":[{"__symbolic":"method"}],"updateDims":[{"__symbolic":"method"}],"update":[{"__symbolic":"method"}],"getRotationAngle":[{"__symbolic":"method"}],"getTicks":[{"__symbolic":"method"}],"getMaxTicks":[{"__symbolic":"method"}],"tickTransform":[{"__symbolic":"method"}],"gridLineTransform":[{"__symbolic":"method"}]}}}}]