[{"__symbolic":"module","version":4,"metadata":{"XAxisComponent":{"__symbolic":"class","decorators":[{"__symbolic":"call","expression":{"__symbolic":"reference","module":"@angular/core","name":"Component","line":13,"character":1},"arguments":[{"selector":"g[ngx-charts-x-axis]","template":"\n    <svg:g\n      [attr.class]=\"xAxisClassName\"\n      [attr.transform]=\"transform\">\n      <svg:g ngx-charts-x-axis-ticks\n        *ngIf=\"xScale\"\n        [tickFormatting]=\"tickFormatting\"\n        [tickArguments]=\"tickArguments\"\n        [tickStroke]=\"tickStroke\"\n        [scale]=\"xScale\"\n        [orient]=\"xOrient\"\n        [showGridLines]=\"showGridLines\"\n        [gridLineHeight]=\"dims.height\"\n        [width]=\"dims.width\"\n        [tickValues]=\"ticks\"\n        (dimensionsChanged)=\"emitTicksHeight($event)\"\n      />\n      <svg:g ngx-charts-axis-label\n        *ngIf=\"showLabel\"\n        [label]=\"labelText\"\n        [offset]=\"labelOffset\"\n        [orient]=\"'bottom'\"\n        [height]=\"dims.height\"\n        [width]=\"dims.width\">\n      </svg:g>\n    </svg:g>\n  ","changeDetection":{"__symbolic":"select","expression":{"__symbolic":"reference","module":"@angular/core","name":"ChangeDetectionStrategy","line":42,"character":19},"member":"OnPush"}}]}],"members":{"xScale":[{"__symbolic":"property","decorators":[{"__symbolic":"call","expression":{"__symbolic":"reference","module":"@angular/core","name":"Input","line":46,"character":3}}]}],"dims":[{"__symbolic":"property","decorators":[{"__symbolic":"call","expression":{"__symbolic":"reference","module":"@angular/core","name":"Input","line":47,"character":3}}]}],"tickFormatting":[{"__symbolic":"property","decorators":[{"__symbolic":"call","expression":{"__symbolic":"reference","module":"@angular/core","name":"Input","line":48,"character":3}}]}],"showGridLines":[{"__symbolic":"property","decorators":[{"__symbolic":"call","expression":{"__symbolic":"reference","module":"@angular/core","name":"Input","line":49,"character":3}}]}],"showLabel":[{"__symbolic":"property","decorators":[{"__symbolic":"call","expression":{"__symbolic":"reference","module":"@angular/core","name":"Input","line":50,"character":3}}]}],"labelText":[{"__symbolic":"property","decorators":[{"__symbolic":"call","expression":{"__symbolic":"reference","module":"@angular/core","name":"Input","line":51,"character":3}}]}],"ticks":[{"__symbolic":"property","decorators":[{"__symbolic":"call","expression":{"__symbolic":"reference","module":"@angular/core","name":"Input","line":52,"character":3}}]}],"xAxisTickInterval":[{"__symbolic":"property","decorators":[{"__symbolic":"call","expression":{"__symbolic":"reference","module":"@angular/core","name":"Input","line":53,"character":3}}]}],"xAxisTickCount":[{"__symbolic":"property","decorators":[{"__symbolic":"call","expression":{"__symbolic":"reference","module":"@angular/core","name":"Input","line":54,"character":3}}]}],"xOrient":[{"__symbolic":"property","decorators":[{"__symbolic":"call","expression":{"__symbolic":"reference","module":"@angular/core","name":"Input","line":55,"character":3}}]}],"xAxisOffset":[{"__symbolic":"property","decorators":[{"__symbolic":"call","expression":{"__symbolic":"reference","module":"@angular/core","name":"Input","line":56,"character":3}}]}],"dimensionsChanged":[{"__symbolic":"property","decorators":[{"__symbolic":"call","expression":{"__symbolic":"reference","module":"@angular/core","name":"Output","line":58,"character":3}}]}],"ticksComponent":[{"__symbolic":"property","decorators":[{"__symbolic":"call","expression":{"__symbolic":"reference","module":"@angular/core","name":"ViewChild","line":71,"character":3},"arguments":[{"__symbolic":"reference","module":"./x-axis-ticks.component","name":"XAxisTicksComponent","line":71,"character":13}]}]}],"ngOnChanges":[{"__symbolic":"method"}],"update":[{"__symbolic":"method"}],"emitTicksHeight":[{"__symbolic":"method"}]}}}}]