[{"__symbolic":"module","version":4,"metadata":{"YAxisComponent":{"__symbolic":"class","decorators":[{"__symbolic":"call","expression":{"__symbolic":"reference","module":"@angular/core","name":"Component","line":12,"character":1},"arguments":[{"selector":"g[ngx-charts-y-axis]","template":"\n    <svg:g\n      [attr.class]=\"yAxisClassName\"\n      [attr.transform]=\"transform\">\n      <svg:g ngx-charts-y-axis-ticks\n        *ngIf=\"yScale\"\n        [tickFormatting]=\"tickFormatting\"\n        [tickArguments]=\"tickArguments\"\n        [tickValues]=\"ticks\"\n        [tickStroke]=\"tickStroke\"\n        [scale]=\"yScale\"\n        [orient]=\"yOrient\"\n        [showGridLines]=\"showGridLines\"\n        [gridLineWidth]=\"dims.width\"\n        [referenceLines]=\"referenceLines\"\n        [showRefLines]=\"showRefLines\"\n        [showRefLabels]=\"showRefLabels\"\n        [height]=\"dims.height\"\n        (dimensionsChanged)=\"emitTicksWidth($event)\"\n      />\n\n      <svg:g ngx-charts-axis-label\n        *ngIf=\"showLabel\"\n        [label]=\"labelText\"\n        [offset]=\"labelOffset\"\n        [orient]=\"yOrient\"\n        [height]=\"dims.height\"\n        [width]=\"dims.width\">\n      </svg:g>\n    </svg:g>\n  ","changeDetection":{"__symbolic":"select","expression":{"__symbolic":"reference","module":"@angular/core","name":"ChangeDetectionStrategy","line":45,"character":19},"member":"OnPush"}}]}],"members":{"yScale":[{"__symbolic":"property","decorators":[{"__symbolic":"call","expression":{"__symbolic":"reference","module":"@angular/core","name":"Input","line":49,"character":3}}]}],"dims":[{"__symbolic":"property","decorators":[{"__symbolic":"call","expression":{"__symbolic":"reference","module":"@angular/core","name":"Input","line":50,"character":3}}]}],"tickFormatting":[{"__symbolic":"property","decorators":[{"__symbolic":"call","expression":{"__symbolic":"reference","module":"@angular/core","name":"Input","line":51,"character":3}}]}],"ticks":[{"__symbolic":"property","decorators":[{"__symbolic":"call","expression":{"__symbolic":"reference","module":"@angular/core","name":"Input","line":52,"character":3}}]}],"showGridLines":[{"__symbolic":"property","decorators":[{"__symbolic":"call","expression":{"__symbolic":"reference","module":"@angular/core","name":"Input","line":53,"character":3}}]}],"showLabel":[{"__symbolic":"property","decorators":[{"__symbolic":"call","expression":{"__symbolic":"reference","module":"@angular/core","name":"Input","line":54,"character":3}}]}],"labelText":[{"__symbolic":"property","decorators":[{"__symbolic":"call","expression":{"__symbolic":"reference","module":"@angular/core","name":"Input","line":55,"character":3}}]}],"yAxisTickInterval":[{"__symbolic":"property","decorators":[{"__symbolic":"call","expression":{"__symbolic":"reference","module":"@angular/core","name":"Input","line":56,"character":3}}]}],"yAxisTickCount":[{"__symbolic":"property","decorators":[{"__symbolic":"call","expression":{"__symbolic":"reference","module":"@angular/core","name":"Input","line":57,"character":3}}]}],"yOrient":[{"__symbolic":"property","decorators":[{"__symbolic":"call","expression":{"__symbolic":"reference","module":"@angular/core","name":"Input","line":58,"character":3}}]}],"referenceLines":[{"__symbolic":"property","decorators":[{"__symbolic":"call","expression":{"__symbolic":"reference","module":"@angular/core","name":"Input","line":59,"character":3}}]}],"showRefLines":[{"__symbolic":"property","decorators":[{"__symbolic":"call","expression":{"__symbolic":"reference","module":"@angular/core","name":"Input","line":60,"character":3}}]}],"showRefLabels":[{"__symbolic":"property","decorators":[{"__symbolic":"call","expression":{"__symbolic":"reference","module":"@angular/core","name":"Input","line":61,"character":3}}]}],"yAxisOffset":[{"__symbolic":"property","decorators":[{"__symbolic":"call","expression":{"__symbolic":"reference","module":"@angular/core","name":"Input","line":62,"character":3}}]}],"dimensionsChanged":[{"__symbolic":"property","decorators":[{"__symbolic":"call","expression":{"__symbolic":"reference","module":"@angular/core","name":"Output","line":63,"character":3}}]}],"ticksComponent":[{"__symbolic":"property","decorators":[{"__symbolic":"call","expression":{"__symbolic":"reference","module":"@angular/core","name":"ViewChild","line":76,"character":3},"arguments":[{"__symbolic":"reference","module":"./y-axis-ticks.component","name":"YAxisTicksComponent","line":76,"character":13}]}]}],"ngOnChanges":[{"__symbolic":"method"}],"update":[{"__symbolic":"method"}],"emitTicksWidth":[{"__symbolic":"method"}]}}}}]