[{"__symbolic":"module","version":4,"metadata":{"YAxisTicksComponent":{"__symbolic":"class","decorators":[{"__symbolic":"call","expression":{"__symbolic":"reference","module":"@angular/core","name":"Component","line":16,"character":1},"arguments":[{"selector":"g[ngx-charts-y-axis-ticks]","template":"\n    <svg:g #ticksel>\n      <svg:g *ngFor=\"let tick of ticks\" class=\"tick\"\n        [attr.transform]=\"transform(tick)\" >\n        <title>{{tickFormat(tick)}}</title>\n        <svg:text\n          stroke-width=\"0.01\"\n          [attr.dy]=\"dy\"\n          [attr.x]=\"x1\"\n          [attr.y]=\"y1\"\n          [attr.text-anchor]=\"textAnchor\"\n          [style.font-size]=\"'12px'\">\n          {{trimLabel(tickFormat(tick))}}\n        </svg:text>\n      </svg:g>\n    </svg:g>\n\n    <svg:path *ngIf=\"referenceLineLength > 1 && refMax && refMin && showRefLines\"\n      class=\"reference-area\"\n      [attr.d]=\"referenceAreaPath\"\n      [attr.transform]=\"gridLineTransform()\"\n    />\n    <svg:g *ngFor=\"let tick of ticks\"\n      [attr.transform]=\"transform(tick)\">\n      <svg:g\n        *ngIf=\"showGridLines\"\n        [attr.transform]=\"gridLineTransform()\">\n        <svg:line *ngIf=\"orient === 'left'\"\n          class=\"gridline-path gridline-path-horizontal\"\n          x1=\"0\"\n          [attr.x2]=\"gridLineWidth\" />\n        <svg:line *ngIf=\"orient === 'right'\"\n          class=\"gridline-path gridline-path-horizontal\"\n          x1=\"0\"\n          [attr.x2]=\"-gridLineWidth\" />\n      </svg:g>\n    </svg:g>\n\n    <svg:g *ngFor=\"let refLine of referenceLines\">\n      <svg:g *ngIf=\"showRefLines\" [attr.transform]=\"transform(refLine.value)\">\n        <svg:line class=\"refline-path gridline-path-horizontal\"\n          x1=\"0\"\n          [attr.x2]=\"gridLineWidth\"\n          [attr.transform]=\"gridLineTransform()\"/>\n        <svg:g *ngIf=\"showRefLabels\">\n          <title>{{trimLabel(tickFormat(refLine.value))}}</title>\n          <svg:text\n            class=\"refline-label\"\n            [attr.dy]=\"dy\"\n            [attr.y]=\"-6\"\n            [attr.x]=\"gridLineWidth\"\n            [attr.text-anchor]=\"textAnchor\" >\n            {{refLine.name}}\n          </svg:text>\n        </svg:g>\n      </svg:g>\n    </svg:g>\n  ","changeDetection":{"__symbolic":"select","expression":{"__symbolic":"reference","module":"@angular/core","name":"ChangeDetectionStrategy","line":76,"character":19},"member":"OnPush"}}]}],"members":{"scale":[{"__symbolic":"property","decorators":[{"__symbolic":"call","expression":{"__symbolic":"reference","module":"@angular/core","name":"Input","line":80,"character":3}}]}],"orient":[{"__symbolic":"property","decorators":[{"__symbolic":"call","expression":{"__symbolic":"reference","module":"@angular/core","name":"Input","line":81,"character":3}}]}],"tickArguments":[{"__symbolic":"property","decorators":[{"__symbolic":"call","expression":{"__symbolic":"reference","module":"@angular/core","name":"Input","line":82,"character":3}}]}],"tickValues":[{"__symbolic":"property","decorators":[{"__symbolic":"call","expression":{"__symbolic":"reference","module":"@angular/core","name":"Input","line":83,"character":3}}]}],"tickStroke":[{"__symbolic":"property","decorators":[{"__symbolic":"call","expression":{"__symbolic":"reference","module":"@angular/core","name":"Input","line":84,"character":3}}]}],"tickFormatting":[{"__symbolic":"property","decorators":[{"__symbolic":"call","expression":{"__symbolic":"reference","module":"@angular/core","name":"Input","line":85,"character":3}}]}],"showGridLines":[{"__symbolic":"property","decorators":[{"__symbolic":"call","expression":{"__symbolic":"reference","module":"@angular/core","name":"Input","line":86,"character":3}}]}],"gridLineWidth":[{"__symbolic":"property","decorators":[{"__symbolic":"call","expression":{"__symbolic":"reference","module":"@angular/core","name":"Input","line":87,"character":3}}]}],"height":[{"__symbolic":"property","decorators":[{"__symbolic":"call","expression":{"__symbolic":"reference","module":"@angular/core","name":"Input","line":88,"character":3}}]}],"referenceLines":[{"__symbolic":"property","decorators":[{"__symbolic":"call","expression":{"__symbolic":"reference","module":"@angular/core","name":"Input","line":89,"character":3}}]}],"showRefLabels":[{"__symbolic":"property","decorators":[{"__symbolic":"call","expression":{"__symbolic":"reference","module":"@angular/core","name":"Input","line":90,"character":3}}]}],"showRefLines":[{"__symbolic":"property","decorators":[{"__symbolic":"call","expression":{"__symbolic":"reference","module":"@angular/core","name":"Input","line":91,"character":3}}]}],"dimensionsChanged":[{"__symbolic":"property","decorators":[{"__symbolic":"call","expression":{"__symbolic":"reference","module":"@angular/core","name":"Output","line":93,"character":3}}]}],"ticksElement":[{"__symbolic":"property","decorators":[{"__symbolic":"call","expression":{"__symbolic":"reference","module":"@angular/core","name":"ViewChild","line":118,"character":3},"arguments":["ticksel"]}]}],"__ctor__":[{"__symbolic":"constructor"}],"ngOnChanges":[{"__symbolic":"method"}],"ngAfterViewInit":[{"__symbolic":"method"}],"updateDims":[{"__symbolic":"method"}],"update":[{"__symbolic":"method"}],"setReferencelines":[{"__symbolic":"method"}],"getTicks":[{"__symbolic":"method"}],"getMaxTicks":[{"__symbolic":"method"}],"tickTransform":[{"__symbolic":"method"}],"gridLineTransform":[{"__symbolic":"method"}]}}}}]