[{"__symbolic":"module","version":4,"metadata":{"AdvancedLegendComponent":{"__symbolic":"class","decorators":[{"__symbolic":"call","expression":{"__symbolic":"reference","module":"@angular/core","name":"Component","line":13,"character":1},"arguments":[{"selector":"ngx-charts-advanced-legend","template":"\n    <div class=\"advanced-pie-legend\"\n      [style.width.px]=\"width\">\n      <div\n        *ngIf=\"animations\"\n        class=\"total-value\"\n        ngx-charts-count-up\n        [countTo]=\"roundedTotal\"\n        [valueFormatting]=\"valueFormatting\">\n      </div>\n      <div class=\"total-value\" *ngIf=\"!animations\">\n        {{valueFormatting ? valueFormatting(roundedTotal) : defaultValueFormatting(roundedTotal)}}\n      </div>\n      <div class=\"total-label\">\n        {{label}}\n      </div>\n      <div class=\"legend-items-container\">\n        <div class=\"legend-items\">\n          <div\n            *ngFor=\"let legendItem of legendItems; trackBy:trackBy\"\n            tabindex=\"-1\"\n            class=\"legend-item\"\n            (mouseenter)=\"activate.emit(legendItem.label)\"\n            (mouseleave)=\"deactivate.emit(legendItem.label)\"\n            (click)=\"select.emit({ name: legendItem.label, value: legendItem.value })\">\n            <div\n              class=\"item-color\"\n              [style.border-left-color]=\"legendItem.color\">\n            </div>\n            <div *ngIf=\"animations\"\n              class=\"item-value\"\n              ngx-charts-count-up\n              [countTo]=\"legendItem._value\"\n              [valueFormatting]=\"valueFormatting\">\n            </div>\n            <div *ngIf=\"!animations\" class=\"item-value\">\n            {{valueFormatting ? valueFormatting(legendItem.value) : defaultValueFormatting(legendItem.value)}}\n            </div>\n            <div class=\"item-label\">{{legendItem.label}}</div>\n            <div *ngIf=\"animations\"\n              class=\"item-percent\"\n              ngx-charts-count-up\n              [countTo]=\"legendItem.percentage\"\n              [countSuffix]=\"'%'\">\n            </div>\n            <div *ngIf=\"!animations\"\n              class=\"item-percent\">\n              {{legendItem.percentage.toLocaleString()}}%\n            </div>\n          </div>\n        </div>\n      </div>\n    </div>\n  ","styleUrls":["./advanced-legend.component.css"],"encapsulation":{"__symbolic":"select","expression":{"__symbolic":"reference","module":"@angular/core","name":"ViewEncapsulation","line":70,"character":17},"member":"None"},"changeDetection":{"__symbolic":"select","expression":{"__symbolic":"reference","module":"@angular/core","name":"ChangeDetectionStrategy","line":71,"character":19},"member":"OnPush"}}]}],"members":{"width":[{"__symbolic":"property","decorators":[{"__symbolic":"call","expression":{"__symbolic":"reference","module":"@angular/core","name":"Input","line":74,"character":3}}]}],"data":[{"__symbolic":"property","decorators":[{"__symbolic":"call","expression":{"__symbolic":"reference","module":"@angular/core","name":"Input","line":75,"character":3}}]}],"colors":[{"__symbolic":"property","decorators":[{"__symbolic":"call","expression":{"__symbolic":"reference","module":"@angular/core","name":"Input","line":76,"character":3}}]}],"label":[{"__symbolic":"property","decorators":[{"__symbolic":"call","expression":{"__symbolic":"reference","module":"@angular/core","name":"Input","line":77,"character":3}}]}],"animations":[{"__symbolic":"property","decorators":[{"__symbolic":"call","expression":{"__symbolic":"reference","module":"@angular/core","name":"Input","line":78,"character":3}}]}],"select":[{"__symbolic":"property","decorators":[{"__symbolic":"call","expression":{"__symbolic":"reference","module":"@angular/core","name":"Output","line":80,"character":3}}]}],"activate":[{"__symbolic":"property","decorators":[{"__symbolic":"call","expression":{"__symbolic":"reference","module":"@angular/core","name":"Output","line":81,"character":3}}]}],"deactivate":[{"__symbolic":"property","decorators":[{"__symbolic":"call","expression":{"__symbolic":"reference","module":"@angular/core","name":"Output","line":82,"character":3}}]}],"valueFormatting":[{"__symbolic":"property","decorators":[{"__symbolic":"call","expression":{"__symbolic":"reference","module":"@angular/core","name":"Input","line":88,"character":3}}]}],"labelFormatting":[{"__symbolic":"property","decorators":[{"__symbolic":"call","expression":{"__symbolic":"reference","module":"@angular/core","name":"Input","line":89,"character":3}}]}],"percentageFormatting":[{"__symbolic":"property","decorators":[{"__symbolic":"call","expression":{"__symbolic":"reference","module":"@angular/core","name":"Input","line":90,"character":3}}]}],"ngOnChanges":[{"__symbolic":"method"}],"getTotal":[{"__symbolic":"method"}],"update":[{"__symbolic":"method"}],"getLegendItems":[{"__symbolic":"method"}],"trackBy":[{"__symbolic":"method"}]}}}}]