[{"__symbolic":"module","version":4,"metadata":{"LegendComponent":{"__symbolic":"class","decorators":[{"__symbolic":"call","expression":{"__symbolic":"reference","module":"@angular/core","name":"Component","line":6,"character":1},"arguments":[{"selector":"ngx-charts-legend","template":"\n    <div [style.width.px]=\"width\">\n      <header class=\"legend-title\" *ngIf=\"title?.length > 0\">\n        <span class=\"legend-title-text\">{{title}}</span>\n      </header>\n      <div class=\"legend-wrap\">\n        <ul class=\"legend-labels\"\n            [class.horizontal-legend]=\"horizontal\"\n          [style.max-height.px]=\"height - 45\">\n          <li\n            *ngFor=\"let entry of legendEntries; trackBy: trackBy\"\n            class=\"legend-label\">\n            <ngx-charts-legend-entry\n              [label]=\"entry.label\"\n              [formattedLabel]=\"entry.formattedLabel\"\n              [color]=\"entry.color\"\n              [isActive]=\"isActive(entry)\"\n              (select)=\"labelClick.emit($event)\"\n              (activate)=\"activate($event)\"\n              (deactivate)=\"deactivate($event)\">\n            </ngx-charts-legend-entry>\n          </li>\n        </ul>\n      </div>\n    </div>\n  ","styleUrls":["./legend.component.css"],"encapsulation":{"__symbolic":"select","expression":{"__symbolic":"reference","module":"@angular/core","name":"ViewEncapsulation","line":35,"character":17},"member":"None"},"changeDetection":{"__symbolic":"select","expression":{"__symbolic":"reference","module":"@angular/core","name":"ChangeDetectionStrategy","line":36,"character":19},"member":"OnPush"}}]}],"members":{"data":[{"__symbolic":"property","decorators":[{"__symbolic":"call","expression":{"__symbolic":"reference","module":"@angular/core","name":"Input","line":40,"character":3}}]}],"title":[{"__symbolic":"property","decorators":[{"__symbolic":"call","expression":{"__symbolic":"reference","module":"@angular/core","name":"Input","line":41,"character":3}}]}],"colors":[{"__symbolic":"property","decorators":[{"__symbolic":"call","expression":{"__symbolic":"reference","module":"@angular/core","name":"Input","line":42,"character":3}}]}],"height":[{"__symbolic":"property","decorators":[{"__symbolic":"call","expression":{"__symbolic":"reference","module":"@angular/core","name":"Input","line":43,"character":3}}]}],"width":[{"__symbolic":"property","decorators":[{"__symbolic":"call","expression":{"__symbolic":"reference","module":"@angular/core","name":"Input","line":44,"character":3}}]}],"activeEntries":[{"__symbolic":"property","decorators":[{"__symbolic":"call","expression":{"__symbolic":"reference","module":"@angular/core","name":"Input","line":45,"character":3}}]}],"horizontal":[{"__symbolic":"property","decorators":[{"__symbolic":"call","expression":{"__symbolic":"reference","module":"@angular/core","name":"Input","line":46,"character":3}}]}],"labelClick":[{"__symbolic":"property","decorators":[{"__symbolic":"call","expression":{"__symbolic":"reference","module":"@angular/core","name":"Output","line":48,"character":3}}]}],"labelActivate":[{"__symbolic":"property","decorators":[{"__symbolic":"call","expression":{"__symbolic":"reference","module":"@angular/core","name":"Output","line":49,"character":3}}]}],"labelDeactivate":[{"__symbolic":"property","decorators":[{"__symbolic":"call","expression":{"__symbolic":"reference","module":"@angular/core","name":"Output","line":50,"character":3}}]}],"__ctor__":[{"__symbolic":"constructor","parameters":[{"__symbolic":"reference","module":"@angular/core","name":"ChangeDetectorRef","line":54,"character":26}]}],"ngOnChanges":[{"__symbolic":"method"}],"update":[{"__symbolic":"method"}],"getLegendEntries":[{"__symbolic":"method"}],"isActive":[{"__symbolic":"method"}],"activate":[{"__symbolic":"method"}],"deactivate":[{"__symbolic":"method"}],"trackBy":[{"__symbolic":"method"}]}}}}]