[{"__symbolic":"module","version":4,"metadata":{"ScaleLegendComponent":{"__symbolic":"class","decorators":[{"__symbolic":"call","expression":{"__symbolic":"reference","module":"@angular/core","name":"Component","line":5,"character":1},"arguments":[{"selector":"ngx-charts-scale-legend","template":"\n    <div\n      class=\"scale-legend\"\n      [class.horizontal-legend]=\"horizontal\"\n      [style.height.px]=\"horizontal ? undefined : height\"\n      [style.width.px]=\"width\">\n      <div class=\"scale-legend-label\">\n        <span>{{ valueRange[1].toLocaleString() }}</span>\n      </div>\n      <div\n        class=\"scale-legend-wrap\"\n        [style.background]=\"gradient\">\n      </div>\n      <div class=\"scale-legend-label\">\n        <span>{{ valueRange[0].toLocaleString() }}</span>\n      </div>\n    </div>\n  ","styleUrls":["./scale-legend.component.css"],"encapsulation":{"__symbolic":"select","expression":{"__symbolic":"reference","module":"@angular/core","name":"ViewEncapsulation","line":26,"character":17},"member":"None"},"changeDetection":{"__symbolic":"select","expression":{"__symbolic":"reference","module":"@angular/core","name":"ChangeDetectionStrategy","line":27,"character":19},"member":"OnPush"}}]}],"members":{"valueRange":[{"__symbolic":"property","decorators":[{"__symbolic":"call","expression":{"__symbolic":"reference","module":"@angular/core","name":"Input","line":31,"character":3}}]}],"colors":[{"__symbolic":"property","decorators":[{"__symbolic":"call","expression":{"__symbolic":"reference","module":"@angular/core","name":"Input","line":32,"character":3}}]}],"height":[{"__symbolic":"property","decorators":[{"__symbolic":"call","expression":{"__symbolic":"reference","module":"@angular/core","name":"Input","line":33,"character":3}}]}],"width":[{"__symbolic":"property","decorators":[{"__symbolic":"call","expression":{"__symbolic":"reference","module":"@angular/core","name":"Input","line":34,"character":3}}]}],"horizontal":[{"__symbolic":"property","decorators":[{"__symbolic":"call","expression":{"__symbolic":"reference","module":"@angular/core","name":"Input","line":35,"character":3}}]}],"__ctor__":[{"__symbolic":"constructor","parameters":[{"__symbolic":"reference","module":"@angular/platform-browser","name":"DomSanitizer","line":39,"character":33}]}],"ngOnChanges":[{"__symbolic":"method"}],"gradientString":[{"__symbolic":"method"}]}}}}]