[{"__symbolic":"module","version":4,"metadata":{"PolarSeriesComponent":{"__symbolic":"class","decorators":[{"__symbolic":"call","expression":{"__symbolic":"reference","module":"@angular/core","name":"Component","line":13,"character":1},"arguments":[{"selector":"g[ngx-charts-polar-series]","template":"\n    <svg:g class=\"polar-charts-series\">\n      <defs>\n        <svg:g ngx-charts-svg-radial-gradient *ngIf=\"hasGradient\"\n          orientation=\"vertical\"\n          [color]=\"seriesColor\"\n          [name]=\"gradientId\"\n          [startOpacity]=\"0.25\"\n          [endOpacity]=\"1\"\n          [stops]=\"gradientStops\"\n        />\n      </defs>\n      <svg:g ngx-charts-line\n        class=\"polar-series-path\"\n        [path]=\"path\"\n        [stroke]=\"hasGradient ? gradientUrl : seriesColor\"\n        [class.active]=\"active\"\n        [class.inactive]=\"inactive\"\n        [attr.fill-opacity]=\"rangeFillOpacity\"\n        [fill]=\"hasGradient ? gradientUrl : seriesColor\"\n        [animations]=\"animations\"\n      />\n      <svg:g ngx-charts-circle\n        *ngFor=\"let circle of circles\"\n        class=\"circle\"\n        [cx]=\"circle.cx\"\n        [cy]=\"circle.cy\"\n        [r]=\"circleRadius\"\n        [fill]=\"circle.color\"\n        [style.opacity]=\"inactive ? 0.2 : 1\"\n        ngx-tooltip\n        [tooltipDisabled]=\"tooltipDisabled\"\n        [tooltipPlacement]=\"'top'\"\n        tooltipType=\"tooltip\"\n        [tooltipTitle]=\"tooltipTemplate ? undefined : tooltipText(circle)\"\n        [tooltipTemplate]=\"tooltipTemplate\"\n        [tooltipContext]=\"circle.data\">\n      </svg:g>\n    </svg:g>\n  ","changeDetection":{"__symbolic":"select","expression":{"__symbolic":"reference","module":"@angular/core","name":"ChangeDetectionStrategy","line":55,"character":19},"member":"OnPush"}}]}],"members":{"name":[{"__symbolic":"property","decorators":[{"__symbolic":"call","expression":{"__symbolic":"reference","module":"@angular/core","name":"Input","line":59,"character":3}}]}],"data":[{"__symbolic":"property","decorators":[{"__symbolic":"call","expression":{"__symbolic":"reference","module":"@angular/core","name":"Input","line":60,"character":3}}]}],"xScale":[{"__symbolic":"property","decorators":[{"__symbolic":"call","expression":{"__symbolic":"reference","module":"@angular/core","name":"Input","line":61,"character":3}}]}],"yScale":[{"__symbolic":"property","decorators":[{"__symbolic":"call","expression":{"__symbolic":"reference","module":"@angular/core","name":"Input","line":62,"character":3}}]}],"colors":[{"__symbolic":"property","decorators":[{"__symbolic":"call","expression":{"__symbolic":"reference","module":"@angular/core","name":"Input","line":63,"character":3}}]}],"scaleType":[{"__symbolic":"property","decorators":[{"__symbolic":"call","expression":{"__symbolic":"reference","module":"@angular/core","name":"Input","line":64,"character":3}}]}],"curve":[{"__symbolic":"property","decorators":[{"__symbolic":"call","expression":{"__symbolic":"reference","module":"@angular/core","name":"Input","line":65,"character":3}}]}],"activeEntries":[{"__symbolic":"property","decorators":[{"__symbolic":"call","expression":{"__symbolic":"reference","module":"@angular/core","name":"Input","line":66,"character":3}}]}],"rangeFillOpacity":[{"__symbolic":"property","decorators":[{"__symbolic":"call","expression":{"__symbolic":"reference","module":"@angular/core","name":"Input","line":67,"character":3}}]}],"tooltipDisabled":[{"__symbolic":"property","decorators":[{"__symbolic":"call","expression":{"__symbolic":"reference","module":"@angular/core","name":"Input","line":68,"character":3}}]}],"tooltipText":[{"__symbolic":"property","decorators":[{"__symbolic":"call","expression":{"__symbolic":"reference","module":"@angular/core","name":"Input","line":69,"character":3}}]}],"gradient":[{"__symbolic":"property","decorators":[{"__symbolic":"call","expression":{"__symbolic":"reference","module":"@angular/core","name":"Input","line":70,"character":3}}]}],"tooltipTemplate":[{"__symbolic":"property","decorators":[{"__symbolic":"call","expression":{"__symbolic":"reference","module":"@angular/core","name":"Input","line":71,"character":3}}]}],"animations":[{"__symbolic":"property","decorators":[{"__symbolic":"call","expression":{"__symbolic":"reference","module":"@angular/core","name":"Input","line":72,"character":3}}]}],"ngOnChanges":[{"__symbolic":"method"}],"update":[{"__symbolic":"method"}],"getAngle":[{"__symbolic":"method"}],"getRadius":[{"__symbolic":"method"}],"getLineGenerator":[{"__symbolic":"method"}],"sortData":[{"__symbolic":"method"}],"isActive":[{"__symbolic":"method"}],"isInactive":[{"__symbolic":"method"}],"defaultTooltipText":[{"__symbolic":"method"}],"updateGradients":[{"__symbolic":"method"}]}}}}]