[{"__symbolic":"module","version":4,"metadata":{"PolarChartComponent":{"__symbolic":"class","extends":{"__symbolic":"reference","module":"../common/base-chart.component","name":"BaseChartComponent","line":126,"character":41},"decorators":[{"__symbolic":"call","expression":{"__symbolic":"reference","module":"@angular/core","name":"Component","line":27,"character":1},"arguments":[{"selector":"ngx-charts-polar-chart","template":"\n    <ngx-charts-chart\n      [view]=\"[width, height]\"\n      [showLegend]=\"legend\"\n      [legendOptions]=\"legendOptions\"\n      [activeEntries]=\"activeEntries\"\n      [animations]=\"animations\"\n      (legendLabelClick)=\"onClick($event)\"\n      (legendLabelActivate)=\"onActivate($event)\"\n      (legendLabelDeactivate)=\"onDeactivate($event)\">\n      <svg:g class=\"polar-chart chart\" [attr.transform]=\"transform\">\n        <svg:g [attr.transform]=\"transformPlot\">\n          <svg:circle\n            class=\"polar-chart-background\"\n            cx=\"0\" cy=\"0\"\n            [attr.r]=\"this.outerRadius\" />\n          <svg:g *ngIf=\"showGridLines\">\n            <svg:circle\n              *ngFor=\"let r of radiusTicks\"\n              class=\"gridline-path radial-gridline-path\"\n              cx=\"0\" cy=\"0\"\n              [attr.r]=\"r\" />\n          </svg:g>\n          <svg:g *ngIf=\"xAxis\">\n            <svg:g ngx-charts-pie-label\n              *ngFor=\"let tick of thetaTicks\"\n              [data]=\"tick\"\n              [radius]=\"outerRadius\"\n              [label]=\"tick.label\"\n              [max]=\"outerRadius\"\n              [value]=\"showGridLines ? 1 : outerRadius\"\n              [explodeSlices]=\"true\"\n              [animations]=\"animations\"\n              [labelTrim]=\"labelTrim\"\n              [labelTrimSize]=\"labelTrimSize\">\n            </svg:g>\n          </svg:g>\n        </svg:g>\n        <svg:g ngx-charts-y-axis\n          [attr.transform]=\"transformYAxis\"\n          *ngIf=\"yAxis\"\n          [yScale]=\"yAxisScale\"\n          [dims]=\"yAxisDims\"\n          [showGridLines]=\"showGridLines\"\n          [showLabel]=\"showYAxisLabel\"\n          [labelText]=\"yAxisLabel\"\n          [tickFormatting]=\"yAxisTickFormatting\"\n          (dimensionsChanged)=\"updateYAxisWidth($event)\">\n        </svg:g>\n        <svg:g ngx-charts-axis-label\n          *ngIf=\"xAxis && showXAxisLabel\"\n          [label]=\"xAxisLabel\"\n          [offset]=\"labelOffset\"\n          [orient]=\"'bottom'\"\n          [height]=\"dims.height\"\n          [width]=\"dims.width\">\n        </svg:g>\n        <svg:g [attr.transform]=\"transformPlot\">\n          <svg:g *ngFor=\"let series of results; trackBy:trackBy\" [@animationState]=\"'active'\">\n            <svg:g ngx-charts-polar-series\n              [gradient]=\"gradient\"\n              [xScale]=\"xScale\"\n              [yScale]=\"yScale\"\n              [colors]=\"colors\"\n              [data]=\"series\"\n              [activeEntries]=\"activeEntries\"\n              [scaleType]=\"scaleType\"\n              [curve]=\"curve\"\n              [rangeFillOpacity]=\"rangeFillOpacity\"\n              [animations]=\"animations\"\n              [tooltipDisabled]=\"tooltipDisabled\"\n              [tooltipTemplate]=\"tooltipTemplate\"\n            />\n          </svg:g>\n        </svg:g>\n      </svg:g>\n    </ngx-charts-chart>\n  ","styleUrls":["../common/base-chart.component.css","../pie-chart/pie-chart.component.css","./polar-chart.component.css"],"encapsulation":{"__symbolic":"select","expression":{"__symbolic":"reference","module":"@angular/core","name":"ViewEncapsulation","line":111,"character":17},"member":"None"},"changeDetection":{"__symbolic":"select","expression":{"__symbolic":"reference","module":"@angular/core","name":"ChangeDetectionStrategy","line":112,"character":19},"member":"OnPush"},"animations":[{"__symbolic":"call","expression":{"__symbolic":"reference","module":"@angular/animations","name":"trigger","line":114,"character":4},"arguments":["animationState",[{"__symbolic":"call","expression":{"__symbolic":"reference","module":"@angular/animations","name":"transition","line":115,"character":6},"arguments":[":leave",[{"__symbolic":"call","expression":{"__symbolic":"reference","module":"@angular/animations","name":"style","line":116,"character":8},"arguments":[{"opacity":1}]},{"__symbolic":"call","expression":{"__symbolic":"reference","module":"@angular/animations","name":"animate","line":119,"character":8},"arguments":[500,{"__symbolic":"call","expression":{"__symbolic":"reference","module":"@angular/animations","name":"style","line":119,"character":21},"arguments":[{"opacity":0}]}]}]]}]]}]}]}],"members":{"legend":[{"__symbolic":"property","decorators":[{"__symbolic":"call","expression":{"__symbolic":"reference","module":"@angular/core","name":"Input","line":128,"character":3}}]}],"legendTitle":[{"__symbolic":"property","decorators":[{"__symbolic":"call","expression":{"__symbolic":"reference","module":"@angular/core","name":"Input","line":129,"character":3}}]}],"legendPosition":[{"__symbolic":"property","decorators":[{"__symbolic":"call","expression":{"__symbolic":"reference","module":"@angular/core","name":"Input","line":130,"character":3}}]}],"xAxis":[{"__symbolic":"property","decorators":[{"__symbolic":"call","expression":{"__symbolic":"reference","module":"@angular/core","name":"Input","line":131,"character":3}}]}],"yAxis":[{"__symbolic":"property","decorators":[{"__symbolic":"call","expression":{"__symbolic":"reference","module":"@angular/core","name":"Input","line":132,"character":3}}]}],"showXAxisLabel":[{"__symbolic":"property","decorators":[{"__symbolic":"call","expression":{"__symbolic":"reference","module":"@angular/core","name":"Input","line":133,"character":3}}]}],"showYAxisLabel":[{"__symbolic":"property","decorators":[{"__symbolic":"call","expression":{"__symbolic":"reference","module":"@angular/core","name":"Input","line":134,"character":3}}]}],"xAxisLabel":[{"__symbolic":"property","decorators":[{"__symbolic":"call","expression":{"__symbolic":"reference","module":"@angular/core","name":"Input","line":135,"character":3}}]}],"yAxisLabel":[{"__symbolic":"property","decorators":[{"__symbolic":"call","expression":{"__symbolic":"reference","module":"@angular/core","name":"Input","line":136,"character":3}}]}],"autoScale":[{"__symbolic":"property","decorators":[{"__symbolic":"call","expression":{"__symbolic":"reference","module":"@angular/core","name":"Input","line":137,"character":3}}]}],"showGridLines":[{"__symbolic":"property","decorators":[{"__symbolic":"call","expression":{"__symbolic":"reference","module":"@angular/core","name":"Input","line":138,"character":3}}]}],"curve":[{"__symbolic":"property","decorators":[{"__symbolic":"call","expression":{"__symbolic":"reference","module":"@angular/core","name":"Input","line":139,"character":3}}]}],"activeEntries":[{"__symbolic":"property","decorators":[{"__symbolic":"call","expression":{"__symbolic":"reference","module":"@angular/core","name":"Input","line":140,"character":3}}]}],"schemeType":[{"__symbolic":"property","decorators":[{"__symbolic":"call","expression":{"__symbolic":"reference","module":"@angular/core","name":"Input","line":141,"character":3}}]}],"rangeFillOpacity":[{"__symbolic":"property","decorators":[{"__symbolic":"call","expression":{"__symbolic":"reference","module":"@angular/core","name":"Input","line":142,"character":3}}]}],"xAxisTickFormatting":[{"__symbolic":"property","decorators":[{"__symbolic":"call","expression":{"__symbolic":"reference","module":"@angular/core","name":"Input","line":143,"character":3}}]}],"yAxisTickFormatting":[{"__symbolic":"property","decorators":[{"__symbolic":"call","expression":{"__symbolic":"reference","module":"@angular/core","name":"Input","line":144,"character":3}}]}],"roundDomains":[{"__symbolic":"property","decorators":[{"__symbolic":"call","expression":{"__symbolic":"reference","module":"@angular/core","name":"Input","line":145,"character":3}}]}],"tooltipDisabled":[{"__symbolic":"property","decorators":[{"__symbolic":"call","expression":{"__symbolic":"reference","module":"@angular/core","name":"Input","line":146,"character":3}}]}],"showSeriesOnHover":[{"__symbolic":"property","decorators":[{"__symbolic":"call","expression":{"__symbolic":"reference","module":"@angular/core","name":"Input","line":147,"character":3}}]}],"gradient":[{"__symbolic":"property","decorators":[{"__symbolic":"call","expression":{"__symbolic":"reference","module":"@angular/core","name":"Input","line":148,"character":3}}]}],"yAxisMinScale":[{"__symbolic":"property","decorators":[{"__symbolic":"call","expression":{"__symbolic":"reference","module":"@angular/core","name":"Input","line":149,"character":3}}]}],"labelTrim":[{"__symbolic":"property","decorators":[{"__symbolic":"call","expression":{"__symbolic":"reference","module":"@angular/core","name":"Input","line":150,"character":3}}]}],"labelTrimSize":[{"__symbolic":"property","decorators":[{"__symbolic":"call","expression":{"__symbolic":"reference","module":"@angular/core","name":"Input","line":151,"character":3}}]}],"activate":[{"__symbolic":"property","decorators":[{"__symbolic":"call","expression":{"__symbolic":"reference","module":"@angular/core","name":"Output","line":153,"character":3}}]}],"deactivate":[{"__symbolic":"property","decorators":[{"__symbolic":"call","expression":{"__symbolic":"reference","module":"@angular/core","name":"Output","line":154,"character":3}}]}],"tooltipTemplate":[{"__symbolic":"property","decorators":[{"__symbolic":"call","expression":{"__symbolic":"reference","module":"@angular/core","name":"ContentChild","line":156,"character":3},"arguments":["tooltipTemplate"]}]}],"update":[{"__symbolic":"method"}],"setDims":[{"__symbolic":"method"}],"setScales":[{"__symbolic":"method"}],"setTicks":[{"__symbolic":"method"}],"getXValues":[{"__symbolic":"method"}],"getXDomain":[{"__symbolic":"method"}],"getYValues":[{"__symbolic":"method"}],"getYDomain":[{"__symbolic":"method"}],"getSeriesDomain":[{"__symbolic":"method"}],"getXScale":[{"__symbolic":"method"}],"getYScale":[{"__symbolic":"method"}],"onClick":[{"__symbolic":"method"}],"setColors":[{"__symbolic":"method"}],"getLegendOptions":[{"__symbolic":"method"}],"updateYAxisWidth":[{"__symbolic":"method"}],"updateXAxisHeight":[{"__symbolic":"method"}],"onActivate":[{"__symbolic":"method"}],"onDeactivate":[{"__symbolic":"method"}],"deactivateAll":[{"__symbolic":"method"}],"trackBy":[{"__symbolic":"method"}]}}}}]