[{"__symbolic":"module","version":4,"metadata":{"PolarChartModule":{"__symbolic":"class","decorators":[{"__symbolic":"call","expression":{"__symbolic":"reference","module":"@angular/core","name":"NgModule","line":7,"character":1},"arguments":[{"imports":[{"__symbolic":"reference","module":"../common/chart-common.module","name":"ChartCommonModule","line":8,"character":12},{"__symbolic":"reference","module":"../pie-chart/","name":"PieChartModule","line":8,"character":31},{"__symbolic":"reference","module":"../line-chart/","name":"LineChartModule","line":8,"character":47}],"declarations":[{"__symbolic":"reference","module":"./polar-chart.component","name":"PolarChartComponent","line":10,"character":4},{"__symbolic":"reference","module":"./polar-series.component","name":"PolarSeriesComponent","line":11,"character":4}],"exports":[{"__symbolic":"reference","module":"./polar-chart.component","name":"PolarChartComponent","line":14,"character":4},{"__symbolic":"reference","module":"./polar-series.component","name":"PolarSeriesComponent","line":15,"character":4}]}]}]}}}]