[{"__symbolic":"module","version":4,"metadata":{"CardComponent":{"__symbolic":"class","decorators":[{"__symbolic":"call","expression":{"__symbolic":"reference","module":"@angular/core","name":"Component","line":9,"character":1},"arguments":[{"selector":"g[ngx-charts-card]","template":"\n    <svg:g\n      [attr.transform]=\"transform\"\n      class=\"cell\"\n      (click)=\"onClick()\">\n      <svg:rect\n        class=\"card\"\n        [style.fill]=\"color\"\n        [attr.width]=\"cardWidth\"\n        [attr.height]=\"cardHeight\"\n        rx=\"3\"\n        ry=\"3\"\n      />\n      <svg:path\n        *ngIf=\"bandColor && bandColor !== color\"\n        class=\"card-band\"\n        [attr.fill]=\"bandColor\"\n        [attr.transform]=\"transformBand\"\n        stroke=\"none\"\n        [attr.d]=\"bandPath\"\n      />\n      <title>{{label}}</title>\n      <svg:foreignObject\n        class=\"trimmed-label\"\n        x=\"5\"\n        [attr.x]=\"textPadding[3]\"\n        [attr.y]=\"cardHeight - textPadding[2]\"\n        [attr.width]=\"textWidth\"\n        [attr.height]=\"labelFontSize + textPadding[2]\"\n        alignment-baseline=\"hanging\">\n        <xhtml:p\n          [style.color]=\"textColor\"\n          [style.fontSize.px]=\"labelFontSize\"\n          [style.lineHeight.px]=\"labelFontSize\"\n          [innerHTML]=\"formattedLabel\">\n        </xhtml:p>\n      </svg:foreignObject>\n      <svg:text #textEl\n        class=\"value-text\"\n        [attr.x]=\"textPadding[3]\"\n        [attr.y]=\"textPadding[0]\"\n        [style.fill]=\"textColor\"\n        text-anchor=\"start\"\n        alignment-baseline=\"hanging\"\n        [style.font-size.pt]=\"textFontSize\">\n        {{value}}\n      </svg:text>\n    </svg:g>\n  ","changeDetection":{"__symbolic":"select","expression":{"__symbolic":"reference","module":"@angular/core","name":"ChangeDetectionStrategy","line":60,"character":19},"member":"OnPush"}}]}],"members":{"color":[{"__symbolic":"property","decorators":[{"__symbolic":"call","expression":{"__symbolic":"reference","module":"@angular/core","name":"Input","line":64,"character":3}}]}],"bandColor":[{"__symbolic":"property","decorators":[{"__symbolic":"call","expression":{"__symbolic":"reference","module":"@angular/core","name":"Input","line":65,"character":3}}]}],"textColor":[{"__symbolic":"property","decorators":[{"__symbolic":"call","expression":{"__symbolic":"reference","module":"@angular/core","name":"Input","line":66,"character":3}}]}],"x":[{"__symbolic":"property","decorators":[{"__symbolic":"call","expression":{"__symbolic":"reference","module":"@angular/core","name":"Input","line":68,"character":3}}]}],"y":[{"__symbolic":"property","decorators":[{"__symbolic":"call","expression":{"__symbolic":"reference","module":"@angular/core","name":"Input","line":69,"character":3}}]}],"width":[{"__symbolic":"property","decorators":[{"__symbolic":"call","expression":{"__symbolic":"reference","module":"@angular/core","name":"Input","line":70,"character":3}}]}],"height":[{"__symbolic":"property","decorators":[{"__symbolic":"call","expression":{"__symbolic":"reference","module":"@angular/core","name":"Input","line":71,"character":3}}]}],"label":[{"__symbolic":"property","decorators":[{"__symbolic":"call","expression":{"__symbolic":"reference","module":"@angular/core","name":"Input","line":72,"character":3}}]}],"data":[{"__symbolic":"property","decorators":[{"__symbolic":"call","expression":{"__symbolic":"reference","module":"@angular/core","name":"Input","line":73,"character":3}}]}],"medianSize":[{"__symbolic":"property","decorators":[{"__symbolic":"call","expression":{"__symbolic":"reference","module":"@angular/core","name":"Input","line":74,"character":3}}]}],"valueFormatting":[{"__symbolic":"property","decorators":[{"__symbolic":"call","expression":{"__symbolic":"reference","module":"@angular/core","name":"Input","line":75,"character":3}}]}],"labelFormatting":[{"__symbolic":"property","decorators":[{"__symbolic":"call","expression":{"__symbolic":"reference","module":"@angular/core","name":"Input","line":76,"character":3}}]}],"animations":[{"__symbolic":"property","decorators":[{"__symbolic":"call","expression":{"__symbolic":"reference","module":"@angular/core","name":"Input","line":77,"character":3}}]}],"select":[{"__symbolic":"property","decorators":[{"__symbolic":"call","expression":{"__symbolic":"reference","module":"@angular/core","name":"Output","line":79,"character":3}}]}],"textEl":[{"__symbolic":"property","decorators":[{"__symbolic":"call","expression":{"__symbolic":"reference","module":"@angular/core","name":"ViewChild","line":81,"character":3},"arguments":["textEl"]}]}],"__ctor__":[{"__symbolic":"constructor","parameters":[{"__symbolic":"reference","module":"@angular/core","name":"ElementRef","line":102,"character":23},{"__symbolic":"reference","module":"@angular/core","name":"ChangeDetectorRef","line":102,"character":47},{"__symbolic":"reference","module":"@angular/core","name":"NgZone","line":102,"character":80}]}],"ngOnChanges":[{"__symbolic":"method"}],"ngOnDestroy":[{"__symbolic":"method"}],"update":[{"__symbolic":"method"}],"paddedValue":[{"__symbolic":"method"}],"startCount":[{"__symbolic":"method"}],"scaleText":[{"__symbolic":"method"}],"setPadding":[{"__symbolic":"method"}],"onClick":[{"__symbolic":"method"}]}}}}]