[{"__symbolic":"module","version":4,"metadata":{"CardModel":{"__symbolic":"interface"},"CardSeriesComponent":{"__symbolic":"class","decorators":[{"__symbolic":"call","expression":{"__symbolic":"reference","module":"@angular/core","name":"Component","line":22,"character":1},"arguments":[{"selector":"g[ngx-charts-card-series]","template":"\n    <svg:rect\n      *ngFor=\"let c of emptySlots; trackBy:trackBy\"\n      class=\"card-empty\"\n      [attr.x]=\"c.x\"\n      [attr.y]=\"c.y\"\n      [style.fill]=\"emptyColor\"\n      [attr.width]=\"c.width\"\n      [attr.height]=\"c.height\"\n      rx=\"3\"\n      ry=\"3\"\n    />\n    <svg:g ngx-charts-card *ngFor=\"let c of cards; trackBy:trackBy\"\n      [x]=\"c.x\"\n      [y]=\"c.y\"\n      [width]=\"c.width\"\n      [height]=\"c.height\"\n      [color]=\"c.color\"\n      [bandColor]=\"c.bandColor\"\n      [textColor]=\"c.textColor\"\n      [data]=\"c.data\"\n      [medianSize]=\"medianSize\"\n      [valueFormatting]=\"valueFormatting\"\n      [labelFormatting]=\"labelFormatting\"\n      [animations]=\"animations\"\n      (select)=\"onClick($event)\"\n    />\n  ","changeDetection":{"__symbolic":"select","expression":{"__symbolic":"reference","module":"@angular/core","name":"ChangeDetectionStrategy","line":52,"character":19},"member":"OnPush"}}]}],"members":{"data":[{"__symbolic":"property","decorators":[{"__symbolic":"call","expression":{"__symbolic":"reference","module":"@angular/core","name":"Input","line":56,"character":3}}]}],"slots":[{"__symbolic":"property","decorators":[{"__symbolic":"call","expression":{"__symbolic":"reference","module":"@angular/core","name":"Input","line":57,"character":3}}]}],"dims":[{"__symbolic":"property","decorators":[{"__symbolic":"call","expression":{"__symbolic":"reference","module":"@angular/core","name":"Input","line":58,"character":3}}]}],"colors":[{"__symbolic":"property","decorators":[{"__symbolic":"call","expression":{"__symbolic":"reference","module":"@angular/core","name":"Input","line":59,"character":3}}]}],"innerPadding":[{"__symbolic":"property","decorators":[{"__symbolic":"call","expression":{"__symbolic":"reference","module":"@angular/core","name":"Input","line":60,"character":3}}]}],"cardColor":[{"__symbolic":"property","decorators":[{"__symbolic":"call","expression":{"__symbolic":"reference","module":"@angular/core","name":"Input","line":62,"character":3}}]}],"bandColor":[{"__symbolic":"property","decorators":[{"__symbolic":"call","expression":{"__symbolic":"reference","module":"@angular/core","name":"Input","line":63,"character":3}}]}],"emptyColor":[{"__symbolic":"property","decorators":[{"__symbolic":"call","expression":{"__symbolic":"reference","module":"@angular/core","name":"Input","line":64,"character":3}}]}],"textColor":[{"__symbolic":"property","decorators":[{"__symbolic":"call","expression":{"__symbolic":"reference","module":"@angular/core","name":"Input","line":65,"character":3}}]}],"valueFormatting":[{"__symbolic":"property","decorators":[{"__symbolic":"call","expression":{"__symbolic":"reference","module":"@angular/core","name":"Input","line":66,"character":3}}]}],"labelFormatting":[{"__symbolic":"property","decorators":[{"__symbolic":"call","expression":{"__symbolic":"reference","module":"@angular/core","name":"Input","line":67,"character":3}}]}],"animations":[{"__symbolic":"property","decorators":[{"__symbolic":"call","expression":{"__symbolic":"reference","module":"@angular/core","name":"Input","line":68,"character":3}}]}],"select":[{"__symbolic":"property","decorators":[{"__symbolic":"call","expression":{"__symbolic":"reference","module":"@angular/core","name":"Output","line":70,"character":3}}]}],"ngOnChanges":[{"__symbolic":"method"}],"update":[{"__symbolic":"method"}],"getCards":[{"__symbolic":"method"}],"trackBy":[{"__symbolic":"method"}],"onClick":[{"__symbolic":"method"}]}}}}]