[{"__symbolic":"module","version":4,"metadata":{"NumberCardModule":{"__symbolic":"class","decorators":[{"__symbolic":"call","expression":{"__symbolic":"reference","module":"@angular/core","name":"NgModule","line":6,"character":1},"arguments":[{"imports":[{"__symbolic":"reference","module":"../common/chart-common.module","name":"ChartCommonModule","line":7,"character":12}],"declarations":[{"__symbolic":"reference","module":"./card.component","name":"CardComponent","line":9,"character":4},{"__symbolic":"reference","module":"./card-series.component","name":"CardSeriesComponent","line":10,"character":4},{"__symbolic":"reference","module":"./number-card.component","name":"NumberCardComponent","line":11,"character":4}],"exports":[{"__symbolic":"reference","module":"./card.component","name":"CardComponent","line":14,"character":4},{"__symbolic":"reference","module":"./card-series.component","name":"CardSeriesComponent","line":15,"character":4},{"__symbolic":"reference","module":"./number-card.component","name":"NumberCardComponent","line":16,"character":4}]}]}]}}}]