[{"__symbolic":"module","version":4,"metadata":{"NumberCardComponent":{"__symbolic":"class","extends":{"__symbolic":"reference","module":"../common/base-chart.component","name":"BaseChartComponent","line":43,"character":41},"decorators":[{"__symbolic":"call","expression":{"__symbolic":"reference","module":"@angular/core","name":"Component","line":11,"character":1},"arguments":[{"selector":"ngx-charts-number-card","template":"\n    <ngx-charts-chart\n      [view]=\"[width, height]\"\n      [showLegend]=\"false\"\n      [animations]=\"animations\">\n      <svg:g [attr.transform]=\"transform\" class=\"number-card chart\" [class.clickable]=\"clickable\">\n        <svg:g ngx-charts-card-series\n          [colors]=\"colors\"\n          [cardColor]=\"cardColor\"\n          [bandColor]=\"bandColor\"\n          [textColor]=\"textColor\"\n          [emptyColor]=\"emptyColor\"\n          [data]=\"data\"\n          [dims]=\"dims\"\n          [innerPadding]=\"innerPadding\"\n          [valueFormatting]=\"valueFormatting\"\n          [labelFormatting]=\"labelFormatting\"\n          [animations]=\"animations\"\n          (select)=\"onClick($event)\"\n        />\n      </svg:g>\n    </ngx-charts-chart>\n  ","styleUrls":["../common/base-chart.component.css","./card.component.css"],"encapsulation":{"__symbolic":"select","expression":{"__symbolic":"reference","module":"@angular/core","name":"ViewEncapsulation","line":40,"character":17},"member":"None"},"changeDetection":{"__symbolic":"select","expression":{"__symbolic":"reference","module":"@angular/core","name":"ChangeDetectionStrategy","line":41,"character":19},"member":"OnPush"}}]}],"members":{"cardColor":[{"__symbolic":"property","decorators":[{"__symbolic":"call","expression":{"__symbolic":"reference","module":"@angular/core","name":"Input","line":44,"character":3}}]}],"bandColor":[{"__symbolic":"property","decorators":[{"__symbolic":"call","expression":{"__symbolic":"reference","module":"@angular/core","name":"Input","line":45,"character":3}}]}],"emptyColor":[{"__symbolic":"property","decorators":[{"__symbolic":"call","expression":{"__symbolic":"reference","module":"@angular/core","name":"Input","line":46,"character":3}}]}],"innerPadding":[{"__symbolic":"property","decorators":[{"__symbolic":"call","expression":{"__symbolic":"reference","module":"@angular/core","name":"Input","line":47,"character":3}}]}],"textColor":[{"__symbolic":"property","decorators":[{"__symbolic":"call","expression":{"__symbolic":"reference","module":"@angular/core","name":"Input","line":48,"character":3}}]}],"valueFormatting":[{"__symbolic":"property","decorators":[{"__symbolic":"call","expression":{"__symbolic":"reference","module":"@angular/core","name":"Input","line":49,"character":3}}]}],"labelFormatting":[{"__symbolic":"property","decorators":[{"__symbolic":"call","expression":{"__symbolic":"reference","module":"@angular/core","name":"Input","line":50,"character":3}}]}],"designatedTotal":[{"__symbolic":"property","decorators":[{"__symbolic":"call","expression":{"__symbolic":"reference","module":"@angular/core","name":"Input","line":51,"character":3}}]}],"update":[{"__symbolic":"method"}],"getDomain":[{"__symbolic":"method"}],"onClick":[{"__symbolic":"method"}],"setColors":[{"__symbolic":"method"}]}}}}]