[{"__symbolic":"module","version":4,"metadata":{"ForceDirectedGraphModule":{"__symbolic":"class","decorators":[{"__symbolic":"call","expression":{"__symbolic":"reference","module":"@angular/core","name":"NgModule","line":4,"character":1},"arguments":[{"imports":[{"__symbolic":"reference","module":"../common/chart-common.module","name":"ChartCommonModule","line":5,"character":12}],"declarations":[{"__symbolic":"reference","module":"./force-directed-graph.component","name":"ForceDirectedGraphComponent","line":7,"character":4}],"exports":[{"__symbolic":"reference","module":"./force-directed-graph.component","name":"ForceDirectedGraphComponent","line":10,"character":4}]}]}]}}}]