[{"__symbolic":"module","version":4,"metadata":{"AdvancedPieChartComponent":{"__symbolic":"class","extends":{"__symbolic":"reference","module":"../common/base-chart.component","name":"BaseChartComponent","line":71,"character":47},"decorators":[{"__symbolic":"call","expression":{"__symbolic":"reference","module":"@angular/core","name":"Component","line":15,"character":1},"arguments":[{"selector":"ngx-charts-advanced-pie-chart","template":"\n    <div\n      [style.width.px]=\"width\"\n      [style.height.px]=\"height\">\n      <div class=\"advanced-pie chart\"\n        [style.width.px]=\"dims.width\"\n        [style.height.px]=\"dims.height\">\n        <ngx-charts-chart\n          [view]=\"[width, height]\"\n          [showLegend]=\"false\"\n          [animations]=\"animations\">\n          <svg:g\n            [attr.transform]=\"transform\"\n            class=\"pie chart\">\n            <svg:g ngx-charts-pie-series\n              [colors]=\"colors\"\n              [series]=\"results\"\n              [innerRadius]=\"innerRadius\"\n              [activeEntries]=\"activeEntries\"\n              [outerRadius]=\"outerRadius\"\n              [gradient]=\"gradient\"\n              [tooltipDisabled]=\"tooltipDisabled\"\n              [tooltipTemplate]=\"tooltipTemplate\"\n              [tooltipText]=\"tooltipText\"\n              (select)=\"onClick($event)\"\n              [animations]=\"animations\">\n            </svg:g>\n          </svg:g>\n        </ngx-charts-chart>\n      </div>\n      <div\n        class=\"advanced-pie-legend-wrapper\"\n        [style.width.px]=\"width - dims.width\"\n        [style.height.px]=\"height\">\n        <ngx-charts-advanced-legend\n          [data]=\"results\"\n          [colors]=\"colors\"\n          [width]=\"width - dims.width - margin[1]\"\n          [label]=\"label\"\n          [animations]=\"animations\"\n          [valueFormatting]=\"valueFormatting\"\n          [labelFormatting]=\"nameFormatting\"\n          [percentageFormatting]=\"percentageFormatting\"\n          (select)=\"onClick($event)\"\n          (activate)=\"onActivate($event)\"\n          (deactivate)=\"onDeactivate($event)\">\n        </ngx-charts-advanced-legend>\n      </div>\n    </div>\n  ","styleUrls":["../common/base-chart.component.css","./advanced-pie-chart.component.css"],"encapsulation":{"__symbolic":"select","expression":{"__symbolic":"reference","module":"@angular/core","name":"ViewEncapsulation","line":68,"character":17},"member":"None"},"changeDetection":{"__symbolic":"select","expression":{"__symbolic":"reference","module":"@angular/core","name":"ChangeDetectionStrategy","line":69,"character":19},"member":"OnPush"}}]}],"members":{"gradient":[{"__symbolic":"property","decorators":[{"__symbolic":"call","expression":{"__symbolic":"reference","module":"@angular/core","name":"Input","line":72,"character":3}}]}],"activeEntries":[{"__symbolic":"property","decorators":[{"__symbolic":"call","expression":{"__symbolic":"reference","module":"@angular/core","name":"Input","line":73,"character":3}}]}],"tooltipDisabled":[{"__symbolic":"property","decorators":[{"__symbolic":"call","expression":{"__symbolic":"reference","module":"@angular/core","name":"Input","line":74,"character":3}}]}],"tooltipText":[{"__symbolic":"property","decorators":[{"__symbolic":"call","expression":{"__symbolic":"reference","module":"@angular/core","name":"Input","line":75,"character":3}}]}],"label":[{"__symbolic":"property","decorators":[{"__symbolic":"call","expression":{"__symbolic":"reference","module":"@angular/core","name":"Input","line":76,"character":3}}]}],"activate":[{"__symbolic":"property","decorators":[{"__symbolic":"call","expression":{"__symbolic":"reference","module":"@angular/core","name":"Output","line":78,"character":3}}]}],"deactivate":[{"__symbolic":"property","decorators":[{"__symbolic":"call","expression":{"__symbolic":"reference","module":"@angular/core","name":"Output","line":79,"character":3}}]}],"tooltipTemplate":[{"__symbolic":"property","decorators":[{"__symbolic":"call","expression":{"__symbolic":"reference","module":"@angular/core","name":"ContentChild","line":81,"character":3},"arguments":["tooltipTemplate"]}]}],"valueFormatting":[{"__symbolic":"property","decorators":[{"__symbolic":"call","expression":{"__symbolic":"reference","module":"@angular/core","name":"Input","line":93,"character":3}}]}],"nameFormatting":[{"__symbolic":"property","decorators":[{"__symbolic":"call","expression":{"__symbolic":"reference","module":"@angular/core","name":"Input","line":94,"character":3}}]}],"percentageFormatting":[{"__symbolic":"property","decorators":[{"__symbolic":"call","expression":{"__symbolic":"reference","module":"@angular/core","name":"Input","line":95,"character":3}}]}],"update":[{"__symbolic":"method"}],"getDomain":[{"__symbolic":"method"}],"onClick":[{"__symbolic":"method"}],"setColors":[{"__symbolic":"method"}],"onActivate":[{"__symbolic":"method"}],"onDeactivate":[{"__symbolic":"method"}]}}}}]