[{"__symbolic":"module","version":4,"metadata":{"PieChartModule":{"__symbolic":"class","decorators":[{"__symbolic":"call","expression":{"__symbolic":"reference","module":"@angular/core","name":"NgModule","line":10,"character":1},"arguments":[{"imports":[{"__symbolic":"reference","module":"../common/chart-common.module","name":"ChartCommonModule","line":11,"character":12}],"declarations":[{"__symbolic":"reference","module":"./advanced-pie-chart.component","name":"AdvancedPieChartComponent","line":13,"character":4},{"__symbolic":"reference","module":"./pie-label.component","name":"PieLabelComponent","line":14,"character":4},{"__symbolic":"reference","module":"./pie-arc.component","name":"PieArcComponent","line":15,"character":4},{"__symbolic":"reference","module":"./pie-chart.component","name":"PieChartComponent","line":16,"character":4},{"__symbolic":"reference","module":"./pie-grid.component","name":"PieGridComponent","line":17,"character":4},{"__symbolic":"reference","module":"./pie-grid-series.component","name":"PieGridSeriesComponent","line":18,"character":4},{"__symbolic":"reference","module":"./pie-series.component","name":"PieSeriesComponent","line":19,"character":4}],"exports":[{"__symbolic":"reference","module":"./advanced-pie-chart.component","name":"AdvancedPieChartComponent","line":22,"character":4},{"__symbolic":"reference","module":"./pie-label.component","name":"PieLabelComponent","line":23,"character":4},{"__symbolic":"reference","module":"./pie-arc.component","name":"PieArcComponent","line":24,"character":4},{"__symbolic":"reference","module":"./pie-chart.component","name":"PieChartComponent","line":25,"character":4},{"__symbolic":"reference","module":"./pie-grid.component","name":"PieGridComponent","line":26,"character":4},{"__symbolic":"reference","module":"./pie-grid-series.component","name":"PieGridSeriesComponent","line":27,"character":4},{"__symbolic":"reference","module":"./pie-series.component","name":"PieSeriesComponent","line":28,"character":4}]}]}]}}}]