[{"__symbolic":"module","version":4,"metadata":{"PieLabelComponent":{"__symbolic":"class","decorators":[{"__symbolic":"call","expression":{"__symbolic":"reference","module":"@angular/core","name":"Component","line":5,"character":1},"arguments":[{"selector":"g[ngx-charts-pie-label]","template":"\n    <title>{{label}}</title>\n    <svg:g\n      [attr.transform]=\"attrTransform\"\n      [style.transform]=\"styleTransform\"\n      [style.transition]=\"textTransition\">\n      <svg:text\n        class=\"pie-label\"\n        [class.animation]=\"animations\"\n        dy=\".35em\"\n        [style.textAnchor]=\"textAnchor()\"\n        [style.shapeRendering]=\"'crispEdges'\">\n        {{labelTrim ? trimLabel(label, labelTrimSize) : label}}\n      </svg:text>\n    </svg:g>\n    <svg:path\n      [attr.d]=\"line\"\n      [attr.stroke]=\"color\"\n      fill=\"none\"\n      class=\"pie-label-line line\"\n      [class.animation]=\"animations\">\n    </svg:path>\n  ","changeDetection":{"__symbolic":"select","expression":{"__symbolic":"reference","module":"@angular/core","name":"ChangeDetectionStrategy","line":30,"character":19},"member":"OnPush"}}]}],"members":{"data":[{"__symbolic":"property","decorators":[{"__symbolic":"call","expression":{"__symbolic":"reference","module":"@angular/core","name":"Input","line":33,"character":3}}]}],"radius":[{"__symbolic":"property","decorators":[{"__symbolic":"call","expression":{"__symbolic":"reference","module":"@angular/core","name":"Input","line":34,"character":3}}]}],"label":[{"__symbolic":"property","decorators":[{"__symbolic":"call","expression":{"__symbolic":"reference","module":"@angular/core","name":"Input","line":35,"character":3}}]}],"color":[{"__symbolic":"property","decorators":[{"__symbolic":"call","expression":{"__symbolic":"reference","module":"@angular/core","name":"Input","line":36,"character":3}}]}],"max":[{"__symbolic":"property","decorators":[{"__symbolic":"call","expression":{"__symbolic":"reference","module":"@angular/core","name":"Input","line":37,"character":3}}]}],"value":[{"__symbolic":"property","decorators":[{"__symbolic":"call","expression":{"__symbolic":"reference","module":"@angular/core","name":"Input","line":38,"character":3}}]}],"explodeSlices":[{"__symbolic":"property","decorators":[{"__symbolic":"call","expression":{"__symbolic":"reference","module":"@angular/core","name":"Input","line":39,"character":3}}]}],"animations":[{"__symbolic":"property","decorators":[{"__symbolic":"call","expression":{"__symbolic":"reference","module":"@angular/core","name":"Input","line":40,"character":3}}]}],"labelTrim":[{"__symbolic":"property","decorators":[{"__symbolic":"call","expression":{"__symbolic":"reference","module":"@angular/core","name":"Input","line":41,"character":3}}]}],"labelTrimSize":[{"__symbolic":"property","decorators":[{"__symbolic":"call","expression":{"__symbolic":"reference","module":"@angular/core","name":"Input","line":42,"character":3}}]}],"__ctor__":[{"__symbolic":"constructor"}],"ngOnChanges":[{"__symbolic":"method"}],"update":[{"__symbolic":"method"}],"textAnchor":[{"__symbolic":"method"}],"midAngle":[{"__symbolic":"method"}]}}}}]