[{"__symbolic":"module","version":4,"metadata":{"PieGridComponent":{"__symbolic":"class","extends":{"__symbolic":"reference","module":"../common/base-chart.component","name":"BaseChartComponent","line":100,"character":38},"decorators":[{"__symbolic":"call","expression":{"__symbolic":"reference","module":"@angular/core","name":"Component","line":18,"character":1},"arguments":[{"selector":"ngx-charts-pie-grid","template":"\n    <ngx-charts-chart\n      [view]=\"[width, height]\"\n      [showLegend]=\"false\"\n      [animations]=\"animations\">\n      <svg:g [attr.transform]=\"transform\" class=\"pie-grid chart\">\n        <svg:g\n          *ngFor=\"let series of series\"\n          class=\"pie-grid-item\"\n          [attr.transform]=\"series.transform\">\n          <svg:g ngx-charts-pie-grid-series\n            [colors]=\"series.colors\"\n            [data]=\"series.data\"\n            [innerRadius]=\"series.innerRadius\"\n            [outerRadius]=\"series.outerRadius\"\n            [animations]=\"animations\"\n            (select)=\"onClick($event)\"\n            ngx-tooltip\n            [tooltipDisabled]=\"tooltipDisabled\"\n            [tooltipPlacement]=\"'top'\"\n            [tooltipType]=\"'tooltip'\"\n            [tooltipTitle]=\"tooltipTemplate ? undefined : tooltipText({data: series})\"\n            [tooltipTemplate]=\"tooltipTemplate\"\n            [tooltipContext]=\"series.data[0].data\"\n          />\n          <svg:text *ngIf=\"animations\"\n            class=\"label percent-label\"\n            dy=\"-0.5em\"\n            x=\"0\"\n            y=\"5\"\n            ngx-charts-count-up\n            [countTo]=\"series.percent\"\n            [countSuffix]=\"'%'\"\n            text-anchor=\"middle\">\n          </svg:text>\n          <svg:text *ngIf=\"!animations\"\n            class=\"label percent-label\"\n            dy=\"-0.5em\"\n            x=\"0\"\n            y=\"5\"\n            text-anchor=\"middle\">\n            {{series.percent.toLocaleString()}}\n          </svg:text>\n          <svg:text\n            class=\"label\"\n            dy=\"0.5em\"\n            x=\"0\"\n            y=\"5\"\n            text-anchor=\"middle\">\n            {{series.label}}\n          </svg:text>\n          <svg:text *ngIf=\"animations\"\n            class=\"label\"\n            dy=\"1.23em\"\n            x=\"0\"\n            [attr.y]=\"series.outerRadius\"\n            text-anchor=\"middle\"\n            ngx-charts-count-up\n            [countTo]=\"series.total\"\n            [countPrefix]=\"label + ': '\">\n          </svg:text>\n          <svg:text *ngIf=\"!animations\"\n            class=\"label\"\n            dy=\"1.23em\"\n            x=\"0\"\n            [attr.y]=\"series.outerRadius\"\n            text-anchor=\"middle\">\n            {{label}}: {{series.total.toLocaleString()}}\n          </svg:text>\n        </svg:g>\n      </svg:g>\n    </ngx-charts-chart>\n  ","styleUrls":["../common/base-chart.component.css","./pie-grid.component.css"],"encapsulation":{"__symbolic":"select","expression":{"__symbolic":"reference","module":"@angular/core","name":"ViewEncapsulation","line":97,"character":17},"member":"None"},"changeDetection":{"__symbolic":"select","expression":{"__symbolic":"reference","module":"@angular/core","name":"ChangeDetectionStrategy","line":98,"character":19},"member":"OnPush"}}]}],"members":{"designatedTotal":[{"__symbolic":"property","decorators":[{"__symbolic":"call","expression":{"__symbolic":"reference","module":"@angular/core","name":"Input","line":101,"character":3}}]}],"tooltipDisabled":[{"__symbolic":"property","decorators":[{"__symbolic":"call","expression":{"__symbolic":"reference","module":"@angular/core","name":"Input","line":102,"character":3}}]}],"tooltipText":[{"__symbolic":"property","decorators":[{"__symbolic":"call","expression":{"__symbolic":"reference","module":"@angular/core","name":"Input","line":103,"character":3}}]}],"label":[{"__symbolic":"property","decorators":[{"__symbolic":"call","expression":{"__symbolic":"reference","module":"@angular/core","name":"Input","line":104,"character":3}}]}],"minWidth":[{"__symbolic":"property","decorators":[{"__symbolic":"call","expression":{"__symbolic":"reference","module":"@angular/core","name":"Input","line":105,"character":3}}]}],"tooltipTemplate":[{"__symbolic":"property","decorators":[{"__symbolic":"call","expression":{"__symbolic":"reference","module":"@angular/core","name":"ContentChild","line":115,"character":3},"arguments":["tooltipTemplate"]}]}],"update":[{"__symbolic":"method"}],"defaultTooltipText":[{"__symbolic":"method"}],"getDomain":[{"__symbolic":"method"}],"getSeries":[{"__symbolic":"method"}],"getTotal":[{"__symbolic":"method"}],"onClick":[{"__symbolic":"method"}],"setColors":[{"__symbolic":"method"}]}}}}]