[{"__symbolic":"module","version":4,"metadata":{"PieGridSeriesComponent":{"__symbolic":"class","decorators":[{"__symbolic":"call","expression":{"__symbolic":"reference","module":"@angular/core","name":"Component","line":12,"character":1},"arguments":[{"selector":"g[ngx-charts-pie-grid-series]","template":"\n    <svg:g class=\"pie-grid-arcs\">\n      <svg:g ngx-charts-pie-arc *ngFor=\"let arc of arcs; trackBy:trackBy\"\n        [attr.class]=\"arc.class\"\n        [startAngle]=\"arc.startAngle\"\n        [endAngle]=\"arc.endAngle\"\n        [innerRadius]=\"innerRadius\"\n        [outerRadius]=\"outerRadius\"\n        [fill]=\"color(arc)\"\n        [value]=\"arc.data.value\"\n        [data]=\"arc.data\"\n        [gradient]=\"false\"\n        [pointerEvents]=\"arc.pointerEvents\"\n        [animate]=\"arc.animate\"\n        (select)=\"onClick($event)\">\n      </svg:g>\n    </svg:g>\n  ","changeDetection":{"__symbolic":"select","expression":{"__symbolic":"reference","module":"@angular/core","name":"ChangeDetectionStrategy","line":32,"character":19},"member":"OnPush"}}]}],"members":{"colors":[{"__symbolic":"property","decorators":[{"__symbolic":"call","expression":{"__symbolic":"reference","module":"@angular/core","name":"Input","line":37,"character":3}}]}],"data":[{"__symbolic":"property","decorators":[{"__symbolic":"call","expression":{"__symbolic":"reference","module":"@angular/core","name":"Input","line":38,"character":3}}]}],"innerRadius":[{"__symbolic":"property","decorators":[{"__symbolic":"call","expression":{"__symbolic":"reference","module":"@angular/core","name":"Input","line":39,"character":3}}]}],"outerRadius":[{"__symbolic":"property","decorators":[{"__symbolic":"call","expression":{"__symbolic":"reference","module":"@angular/core","name":"Input","line":40,"character":3}}]}],"animations":[{"__symbolic":"property","decorators":[{"__symbolic":"call","expression":{"__symbolic":"reference","module":"@angular/core","name":"Input","line":41,"character":3}}]}],"select":[{"__symbolic":"property","decorators":[{"__symbolic":"call","expression":{"__symbolic":"reference","module":"@angular/core","name":"Output","line":43,"character":3}}]}],"__ctor__":[{"__symbolic":"constructor","parameters":[{"__symbolic":"reference","module":"@angular/core","name":"ElementRef","line":49,"character":23}]}],"ngOnChanges":[{"__symbolic":"method"}],"update":[{"__symbolic":"method"}],"getArcs":[{"__symbolic":"method"}],"onClick":[{"__symbolic":"method"}],"trackBy":[{"__symbolic":"method"}],"label":[{"__symbolic":"method"}],"color":[{"__symbolic":"method"}]}}}}]