[{"__symbolic":"module","version":4,"metadata":{"PieSeriesComponent":{"__symbolic":"class","decorators":[{"__symbolic":"call","expression":{"__symbolic":"reference","module":"@angular/core","name":"Component","line":15,"character":1},"arguments":[{"selector":"g[ngx-charts-pie-series]","template":"\n    <svg:g *ngFor=\"let arc of data; trackBy:trackBy\">\n      <svg:g ngx-charts-pie-label\n        *ngIf=\"labelVisible(arc)\"\n        [data]=\"arc\"\n        [radius]=\"outerRadius\"\n        [color]=\"color(arc)\"\n        [label]=\"labelText(arc)\"\n        [labelTrim]=\"trimLabels\"\n        [labelTrimSize]=\"maxLabelLength\"\n        [max]=\"max\"\n        [value]=\"arc.value\"\n        [explodeSlices]=\"explodeSlices\"\n        [animations]=\"animations\">\n      </svg:g>\n      <svg:g\n        ngx-charts-pie-arc\n        [startAngle]=\"arc.startAngle\"\n        [endAngle]=\"arc.endAngle\"\n        [innerRadius]=\"innerRadius\"\n        [outerRadius]=\"outerRadius\"\n        [fill]=\"color(arc)\"\n        [value]=\"arc.data.value\"\n        [gradient]=\"gradient\"\n        [data]=\"arc.data\"\n        [max]=\"max\"\n        [explodeSlices]=\"explodeSlices\"\n        [isActive]=\"isActive(arc.data)\"\n        [animate]=\"animations\"\n        (select)=\"onClick($event)\"\n        (activate)=\"activate.emit($event)\"\n        (deactivate)=\"deactivate.emit($event)\"\n        (dblclick)=\"dblclick.emit($event)\"\n        ngx-tooltip\n        [tooltipDisabled]=\"tooltipDisabled\"\n        [tooltipPlacement]=\"'top'\"\n        [tooltipType]=\"'tooltip'\"\n        [tooltipTitle]=\"getTooltipTitle(arc)\"\n        [tooltipTemplate]=\"tooltipTemplate\"\n        [tooltipContext]=\"arc.data\">\n      </svg:g>\n    </svg:g>\n  ","changeDetection":{"__symbolic":"select","expression":{"__symbolic":"reference","module":"@angular/core","name":"ChangeDetectionStrategy","line":60,"character":19},"member":"OnPush"}}]}],"members":{"colors":[{"__symbolic":"property","decorators":[{"__symbolic":"call","expression":{"__symbolic":"reference","module":"@angular/core","name":"Input","line":63,"character":3}}]}],"series":[{"__symbolic":"property","decorators":[{"__symbolic":"call","expression":{"__symbolic":"reference","module":"@angular/core","name":"Input","line":64,"character":3}}]}],"dims":[{"__symbolic":"property","decorators":[{"__symbolic":"call","expression":{"__symbolic":"reference","module":"@angular/core","name":"Input","line":65,"character":3}}]}],"innerRadius":[{"__symbolic":"property","decorators":[{"__symbolic":"call","expression":{"__symbolic":"reference","module":"@angular/core","name":"Input","line":66,"character":3}}]}],"outerRadius":[{"__symbolic":"property","decorators":[{"__symbolic":"call","expression":{"__symbolic":"reference","module":"@angular/core","name":"Input","line":67,"character":3}}]}],"explodeSlices":[{"__symbolic":"property","decorators":[{"__symbolic":"call","expression":{"__symbolic":"reference","module":"@angular/core","name":"Input","line":68,"character":3}}]}],"showLabels":[{"__symbolic":"property","decorators":[{"__symbolic":"call","expression":{"__symbolic":"reference","module":"@angular/core","name":"Input","line":69,"character":3}}]}],"gradient":[{"__symbolic":"property","decorators":[{"__symbolic":"call","expression":{"__symbolic":"reference","module":"@angular/core","name":"Input","line":70,"character":3}}]}],"activeEntries":[{"__symbolic":"property","decorators":[{"__symbolic":"call","expression":{"__symbolic":"reference","module":"@angular/core","name":"Input","line":71,"character":3}}]}],"labelFormatting":[{"__symbolic":"property","decorators":[{"__symbolic":"call","expression":{"__symbolic":"reference","module":"@angular/core","name":"Input","line":72,"character":3}}]}],"trimLabels":[{"__symbolic":"property","decorators":[{"__symbolic":"call","expression":{"__symbolic":"reference","module":"@angular/core","name":"Input","line":73,"character":3}}]}],"maxLabelLength":[{"__symbolic":"property","decorators":[{"__symbolic":"call","expression":{"__symbolic":"reference","module":"@angular/core","name":"Input","line":74,"character":3}}]}],"tooltipText":[{"__symbolic":"property","decorators":[{"__symbolic":"call","expression":{"__symbolic":"reference","module":"@angular/core","name":"Input","line":75,"character":3}}]}],"tooltipDisabled":[{"__symbolic":"property","decorators":[{"__symbolic":"call","expression":{"__symbolic":"reference","module":"@angular/core","name":"Input","line":76,"character":3}}]}],"tooltipTemplate":[{"__symbolic":"property","decorators":[{"__symbolic":"call","expression":{"__symbolic":"reference","module":"@angular/core","name":"Input","line":77,"character":3}}]}],"animations":[{"__symbolic":"property","decorators":[{"__symbolic":"call","expression":{"__symbolic":"reference","module":"@angular/core","name":"Input","line":78,"character":3}}]}],"select":[{"__symbolic":"property","decorators":[{"__symbolic":"call","expression":{"__symbolic":"reference","module":"@angular/core","name":"Output","line":80,"character":3}}]}],"activate":[{"__symbolic":"property","decorators":[{"__symbolic":"call","expression":{"__symbolic":"reference","module":"@angular/core","name":"Output","line":81,"character":3}}]}],"deactivate":[{"__symbolic":"property","decorators":[{"__symbolic":"call","expression":{"__symbolic":"reference","module":"@angular/core","name":"Output","line":82,"character":3}}]}],"dblclick":[{"__symbolic":"property","decorators":[{"__symbolic":"call","expression":{"__symbolic":"reference","module":"@angular/core","name":"Output","line":83,"character":3}}]}],"ngOnChanges":[{"__symbolic":"method"}],"update":[{"__symbolic":"method"}],"midAngle":[{"__symbolic":"method"}],"outerArc":[{"__symbolic":"method"}],"calculateLabelPositions":[{"__symbolic":"method"}],"labelVisible":[{"__symbolic":"method"}],"getTooltipTitle":[{"__symbolic":"method"}],"labelText":[{"__symbolic":"method"}],"label":[{"__symbolic":"method"}],"defaultTooltipText":[{"__symbolic":"method"}],"color":[{"__symbolic":"method"}],"trackBy":[{"__symbolic":"method"}],"onClick":[{"__symbolic":"method"}],"isActive":[{"__symbolic":"method"}]}}}}]