[{"__symbolic":"module","version":4,"metadata":{"PieArcComponent":{"__symbolic":"class","decorators":[{"__symbolic":"call","expression":{"__symbolic":"reference","module":"@angular/core","name":"Component","line":18,"character":1},"arguments":[{"selector":"g[ngx-charts-pie-arc]","template":"\n    <svg:g class=\"arc-group\">\n      <svg:defs *ngIf=\"gradient\">\n        <svg:g ngx-charts-svg-radial-gradient\n          [color]=\"fill\"\n          orientation=\"vertical\"\n          [name]=\"radialGradientId\"\n          [startOpacity]=\"startOpacity\"\n        />\n      </svg:defs>\n      <svg:path\n        [attr.d]=\"path\"\n        class=\"arc\"\n        [class.active]=\"isActive\"\n        [attr.fill]=\"getGradient()\"\n        (click)=\"onClick()\"\n        (dblclick)=\"onDblClick($event)\"\n        (mouseenter)=\"activate.emit(data)\"\n        (mouseleave)=\"deactivate.emit(data)\"\n        [style.pointer-events]=\"getPointerEvents()\"\n      />\n    </svg:g>\n  ","changeDetection":{"__symbolic":"select","expression":{"__symbolic":"reference","module":"@angular/core","name":"ChangeDetectionStrategy","line":43,"character":19},"member":"OnPush"}}]}],"members":{"fill":[{"__symbolic":"property","decorators":[{"__symbolic":"call","expression":{"__symbolic":"reference","module":"@angular/core","name":"Input","line":46,"character":3}}]}],"startAngle":[{"__symbolic":"property","decorators":[{"__symbolic":"call","expression":{"__symbolic":"reference","module":"@angular/core","name":"Input","line":47,"character":3}}]}],"endAngle":[{"__symbolic":"property","decorators":[{"__symbolic":"call","expression":{"__symbolic":"reference","module":"@angular/core","name":"Input","line":48,"character":3}}]}],"innerRadius":[{"__symbolic":"property","decorators":[{"__symbolic":"call","expression":{"__symbolic":"reference","module":"@angular/core","name":"Input","line":49,"character":3}}]}],"outerRadius":[{"__symbolic":"property","decorators":[{"__symbolic":"call","expression":{"__symbolic":"reference","module":"@angular/core","name":"Input","line":50,"character":3}}]}],"cornerRadius":[{"__symbolic":"property","decorators":[{"__symbolic":"call","expression":{"__symbolic":"reference","module":"@angular/core","name":"Input","line":51,"character":3}}]}],"value":[{"__symbolic":"property","decorators":[{"__symbolic":"call","expression":{"__symbolic":"reference","module":"@angular/core","name":"Input","line":52,"character":3}}]}],"max":[{"__symbolic":"property","decorators":[{"__symbolic":"call","expression":{"__symbolic":"reference","module":"@angular/core","name":"Input","line":53,"character":3}}]}],"data":[{"__symbolic":"property","decorators":[{"__symbolic":"call","expression":{"__symbolic":"reference","module":"@angular/core","name":"Input","line":54,"character":3}}]}],"explodeSlices":[{"__symbolic":"property","decorators":[{"__symbolic":"call","expression":{"__symbolic":"reference","module":"@angular/core","name":"Input","line":55,"character":3}}]}],"gradient":[{"__symbolic":"property","decorators":[{"__symbolic":"call","expression":{"__symbolic":"reference","module":"@angular/core","name":"Input","line":56,"character":3}}]}],"animate":[{"__symbolic":"property","decorators":[{"__symbolic":"call","expression":{"__symbolic":"reference","module":"@angular/core","name":"Input","line":57,"character":3}}]}],"pointerEvents":[{"__symbolic":"property","decorators":[{"__symbolic":"call","expression":{"__symbolic":"reference","module":"@angular/core","name":"Input","line":58,"character":3}}]}],"isActive":[{"__symbolic":"property","decorators":[{"__symbolic":"call","expression":{"__symbolic":"reference","module":"@angular/core","name":"Input","line":59,"character":3}}]}],"select":[{"__symbolic":"property","decorators":[{"__symbolic":"call","expression":{"__symbolic":"reference","module":"@angular/core","name":"Output","line":61,"character":3}}]}],"activate":[{"__symbolic":"property","decorators":[{"__symbolic":"call","expression":{"__symbolic":"reference","module":"@angular/core","name":"Output","line":62,"character":3}}]}],"deactivate":[{"__symbolic":"property","decorators":[{"__symbolic":"call","expression":{"__symbolic":"reference","module":"@angular/core","name":"Output","line":63,"character":3}}]}],"dblclick":[{"__symbolic":"property","decorators":[{"__symbolic":"call","expression":{"__symbolic":"reference","module":"@angular/core","name":"Output","line":64,"character":3}}]}],"__ctor__":[{"__symbolic":"constructor","parameters":[{"__symbolic":"reference","module":"@angular/core","name":"ElementRef","line":75,"character":23}]}],"ngOnChanges":[{"__symbolic":"method"}],"getGradient":[{"__symbolic":"method"}],"getPointerEvents":[{"__symbolic":"method"}],"update":[{"__symbolic":"method"}],"calculateArc":[{"__symbolic":"method"}],"loadAnimation":[{"__symbolic":"method"}],"updateAnimation":[{"__symbolic":"method"}],"onClick":[{"__symbolic":"method"}],"onDblClick":[{"__symbolic":"method"}]}}}}]