{
  "$schema": "./node_modules/@angular/cli/lib/config/schema.json",
  "project": {
    "name": "angular2-json-schema-form"
  },
  "apps": [
    {
      "root": "src/demo",
      "outDir": "dist/demo",
      "assets": [ "assets", "favicon.ico" ],
      "index": "index.html",
      "main": "main.ts",
      "polyfills": "polyfills.ts",
      "test": "test.ts",
      "tsconfig": "tsconfig.app.json",
      "testTsconfig": "tsconfig.spec.json",
      "prefix": "",
      "styles": [ "styles.scss" ],
      "scripts": [ ],
      "environmentSource": "environments/environment.ts",
      "environments": {
        "dev": "environments/environment.ts",
        "prod": "environments/environment.prod.ts"
      }
    }
  ],
  "e2e": {
    "protractor": { "config": "./protractor.conf.js" }
  },
  "test": {
    "karma": { "config": "./karma.conf.js" }
  },
  "defaults": {
    "styleExt": "scss",
    "component": { "flat": true }
  }
}
