[{"__symbolic":"module","version":4,"metadata":{"HeatCellSeriesComponent":{"__symbolic":"class","decorators":[{"__symbolic":"call","expression":{"__symbolic":"reference","module":"@angular/core","name":"Component","line":13,"character":1},"arguments":[{"selector":"g[ngx-charts-heat-map-cell-series]","template":"\n    <svg:g\n      ngx-charts-heat-map-cell\n      *ngFor=\"let c of cells; trackBy:trackBy\"\n      [x]=\"c.x\"\n      [y]=\"c.y\"\n      [width]=\"c.width\"\n      [height]=\"c.height\"\n      [fill]=\"c.fill\"\n      [data]=\"c.data\"\n      (select)=\"onClick($event, c.label, c.series)\"\n      [gradient]=\"gradient\"\n      [animations]=\"animations\"\n      ngx-tooltip\n      [tooltipDisabled]=\"tooltipDisabled\"\n      [tooltipPlacement]=\"'top'\"\n      [tooltipType]=\"'tooltip'\"\n      [tooltipTitle]=\"tooltipTemplate ? undefined : tooltipText(c)\"\n      [tooltipTemplate]=\"tooltipTemplate\"\n      [tooltipContext]=\"{series: c.series, name: c.label, value: c.data}\">\n    </svg:g>\n  ","changeDetection":{"__symbolic":"select","expression":{"__symbolic":"reference","module":"@angular/core","name":"ChangeDetectionStrategy","line":37,"character":19},"member":"OnPush"}}]}],"members":{"data":[{"__symbolic":"property","decorators":[{"__symbolic":"call","expression":{"__symbolic":"reference","module":"@angular/core","name":"Input","line":41,"character":3}}]}],"colors":[{"__symbolic":"property","decorators":[{"__symbolic":"call","expression":{"__symbolic":"reference","module":"@angular/core","name":"Input","line":42,"character":3}}]}],"xScale":[{"__symbolic":"property","decorators":[{"__symbolic":"call","expression":{"__symbolic":"reference","module":"@angular/core","name":"Input","line":43,"character":3}}]}],"yScale":[{"__symbolic":"property","decorators":[{"__symbolic":"call","expression":{"__symbolic":"reference","module":"@angular/core","name":"Input","line":44,"character":3}}]}],"gradient":[{"__symbolic":"property","decorators":[{"__symbolic":"call","expression":{"__symbolic":"reference","module":"@angular/core","name":"Input","line":45,"character":3}}]}],"tooltipDisabled":[{"__symbolic":"property","decorators":[{"__symbolic":"call","expression":{"__symbolic":"reference","module":"@angular/core","name":"Input","line":46,"character":3}}]}],"tooltipText":[{"__symbolic":"property","decorators":[{"__symbolic":"call","expression":{"__symbolic":"reference","module":"@angular/core","name":"Input","line":47,"character":3}}]}],"tooltipTemplate":[{"__symbolic":"property","decorators":[{"__symbolic":"call","expression":{"__symbolic":"reference","module":"@angular/core","name":"Input","line":48,"character":3}}]}],"animations":[{"__symbolic":"property","decorators":[{"__symbolic":"call","expression":{"__symbolic":"reference","module":"@angular/core","name":"Input","line":49,"character":3}}]}],"select":[{"__symbolic":"property","decorators":[{"__symbolic":"call","expression":{"__symbolic":"reference","module":"@angular/core","name":"Output","line":51,"character":3}}]}],"ngOnInit":[{"__symbolic":"method"}],"ngOnChanges":[{"__symbolic":"method"}],"update":[{"__symbolic":"method"}],"getCells":[{"__symbolic":"method"}],"getTooltipText":[{"__symbolic":"method"}],"trackBy":[{"__symbolic":"method"}],"onClick":[{"__symbolic":"method"}]}}}}]