[{"__symbolic":"module","version":4,"metadata":{"HeatMapCellComponent":{"__symbolic":"class","decorators":[{"__symbolic":"call","expression":{"__symbolic":"reference","module":"@angular/core","name":"Component","line":14,"character":1},"arguments":[{"selector":"g[ngx-charts-heat-map-cell]","template":"\n    <svg:g [attr.transform]=\"transform\" class=\"cell\">\n      <defs *ngIf=\"gradient\">\n        <svg:g ngx-charts-svg-linear-gradient\n          orientation=\"vertical\"\n          [name]=\"gradientId\"\n          [stops]=\"gradientStops\"\n        />\n      </defs>\n      <svg:rect\n        [attr.fill]=\"gradient ? gradientUrl : fill\"\n        rx=\"3\"\n        [attr.width]=\"width\"\n        [attr.height]=\"height\"\n        class=\"cell\"\n        style=\"cursor: pointer\"\n        (click)=\"onClick()\"\n      />\n    </svg:g>\n  ","changeDetection":{"__symbolic":"select","expression":{"__symbolic":"reference","module":"@angular/core","name":"ChangeDetectionStrategy","line":36,"character":19},"member":"OnPush"}}]}],"members":{"fill":[{"__symbolic":"property","decorators":[{"__symbolic":"call","expression":{"__symbolic":"reference","module":"@angular/core","name":"Input","line":40,"character":3}}]}],"x":[{"__symbolic":"property","decorators":[{"__symbolic":"call","expression":{"__symbolic":"reference","module":"@angular/core","name":"Input","line":41,"character":3}}]}],"y":[{"__symbolic":"property","decorators":[{"__symbolic":"call","expression":{"__symbolic":"reference","module":"@angular/core","name":"Input","line":42,"character":3}}]}],"width":[{"__symbolic":"property","decorators":[{"__symbolic":"call","expression":{"__symbolic":"reference","module":"@angular/core","name":"Input","line":43,"character":3}}]}],"height":[{"__symbolic":"property","decorators":[{"__symbolic":"call","expression":{"__symbolic":"reference","module":"@angular/core","name":"Input","line":44,"character":3}}]}],"data":[{"__symbolic":"property","decorators":[{"__symbolic":"call","expression":{"__symbolic":"reference","module":"@angular/core","name":"Input","line":45,"character":3}}]}],"label":[{"__symbolic":"property","decorators":[{"__symbolic":"call","expression":{"__symbolic":"reference","module":"@angular/core","name":"Input","line":46,"character":3}}]}],"gradient":[{"__symbolic":"property","decorators":[{"__symbolic":"call","expression":{"__symbolic":"reference","module":"@angular/core","name":"Input","line":47,"character":3}}]}],"animations":[{"__symbolic":"property","decorators":[{"__symbolic":"call","expression":{"__symbolic":"reference","module":"@angular/core","name":"Input","line":48,"character":3}}]}],"select":[{"__symbolic":"property","decorators":[{"__symbolic":"call","expression":{"__symbolic":"reference","module":"@angular/core","name":"Output","line":50,"character":3}}]}],"__ctor__":[{"__symbolic":"constructor","parameters":[{"__symbolic":"reference","module":"@angular/core","name":"ElementRef","line":60,"character":23}]}],"ngOnChanges":[{"__symbolic":"method"}],"getGradientStops":[{"__symbolic":"method"}],"loadAnimation":[{"__symbolic":"method"}],"animateToCurrentForm":[{"__symbolic":"method"}],"onClick":[{"__symbolic":"method"}]}}}}]