[{"__symbolic":"module","version":4,"metadata":{"HeatMapComponent":{"__symbolic":"class","extends":{"__symbolic":"reference","module":"../common/base-chart.component","name":"BaseChartComponent","line":72,"character":38},"decorators":[{"__symbolic":"call","expression":{"__symbolic":"reference","module":"@angular/core","name":"Component","line":15,"character":1},"arguments":[{"selector":"ngx-charts-heat-map","template":"\n    <ngx-charts-chart\n      [view]=\"[width, height]\"\n      [showLegend]=\"legend\"\n      [animations]=\"animations\"\n      [legendOptions]=\"legendOptions\"\n      (legendLabelClick)=\"onClick($event)\">\n      <svg:g [attr.transform]=\"transform\" class=\"heat-map chart\">\n        <svg:g ngx-charts-x-axis\n          *ngIf=\"xAxis\"\n          [xScale]=\"xScale\"\n          [dims]=\"dims\"\n          [showLabel]=\"showXAxisLabel\"\n          [labelText]=\"xAxisLabel\"\n          [tickFormatting]=\"xAxisTickFormatting\"\n          [ticks]=\"xAxisTicks\"\n          (dimensionsChanged)=\"updateXAxisHeight($event)\">\n        </svg:g>\n        <svg:g ngx-charts-y-axis\n          *ngIf=\"yAxis\"\n          [yScale]=\"yScale\"\n          [dims]=\"dims\"\n          [showLabel]=\"showYAxisLabel\"\n          [labelText]=\"yAxisLabel\"\n          [tickFormatting]=\"yAxisTickFormatting\"\n          [ticks]=\"yAxisTicks\"\n          (dimensionsChanged)=\"updateYAxisWidth($event)\">\n        </svg:g>\n        <svg:rect *ngFor=\"let rect of rects\"\n          [attr.x]=\"rect.x\"\n          [attr.y]=\"rect.y\"\n          [attr.rx]=\"rect.rx\"\n          [attr.width]=\"rect.width\"\n          [attr.height]=\"rect.height\"\n          [attr.fill]=\"rect.fill\"\n        />\n        <svg:g ngx-charts-heat-map-cell-series\n          [xScale]=\"xScale\"\n          [yScale]=\"yScale\"\n          [colors]=\"colors\"\n          [data]=\"results\"\n          [gradient]=\"gradient\"\n          [animations]=\"animations\"\n          [tooltipDisabled]=\"tooltipDisabled\"\n          [tooltipTemplate]=\"tooltipTemplate\"\n          [tooltipText]=\"tooltipText\"\n          (select)=\"onClick($event)\"\n        />\n      </svg:g>\n    </ngx-charts-chart>\n  ","changeDetection":{"__symbolic":"select","expression":{"__symbolic":"reference","module":"@angular/core","name":"ChangeDetectionStrategy","line":68,"character":19},"member":"OnPush"},"styleUrls":["../common/base-chart.component.css"],"encapsulation":{"__symbolic":"select","expression":{"__symbolic":"reference","module":"@angular/core","name":"ViewEncapsulation","line":70,"character":17},"member":"None"}}]}],"members":{"legend":[{"__symbolic":"property","decorators":[{"__symbolic":"call","expression":{"__symbolic":"reference","module":"@angular/core","name":"Input","line":74,"character":3}}]}],"legendTitle":[{"__symbolic":"property","decorators":[{"__symbolic":"call","expression":{"__symbolic":"reference","module":"@angular/core","name":"Input","line":75,"character":3}}]}],"legendPosition":[{"__symbolic":"property","decorators":[{"__symbolic":"call","expression":{"__symbolic":"reference","module":"@angular/core","name":"Input","line":76,"character":3}}]}],"xAxis":[{"__symbolic":"property","decorators":[{"__symbolic":"call","expression":{"__symbolic":"reference","module":"@angular/core","name":"Input","line":77,"character":3}}]}],"yAxis":[{"__symbolic":"property","decorators":[{"__symbolic":"call","expression":{"__symbolic":"reference","module":"@angular/core","name":"Input","line":78,"character":3}}]}],"showXAxisLabel":[{"__symbolic":"property","decorators":[{"__symbolic":"call","expression":{"__symbolic":"reference","module":"@angular/core","name":"Input","line":79,"character":3}}]}],"showYAxisLabel":[{"__symbolic":"property","decorators":[{"__symbolic":"call","expression":{"__symbolic":"reference","module":"@angular/core","name":"Input","line":80,"character":3}}]}],"xAxisLabel":[{"__symbolic":"property","decorators":[{"__symbolic":"call","expression":{"__symbolic":"reference","module":"@angular/core","name":"Input","line":81,"character":3}}]}],"yAxisLabel":[{"__symbolic":"property","decorators":[{"__symbolic":"call","expression":{"__symbolic":"reference","module":"@angular/core","name":"Input","line":82,"character":3}}]}],"gradient":[{"__symbolic":"property","decorators":[{"__symbolic":"call","expression":{"__symbolic":"reference","module":"@angular/core","name":"Input","line":83,"character":3}}]}],"innerPadding":[{"__symbolic":"property","decorators":[{"__symbolic":"call","expression":{"__symbolic":"reference","module":"@angular/core","name":"Input","line":84,"character":3}}]}],"xAxisTickFormatting":[{"__symbolic":"property","decorators":[{"__symbolic":"call","expression":{"__symbolic":"reference","module":"@angular/core","name":"Input","line":85,"character":3}}]}],"yAxisTickFormatting":[{"__symbolic":"property","decorators":[{"__symbolic":"call","expression":{"__symbolic":"reference","module":"@angular/core","name":"Input","line":86,"character":3}}]}],"xAxisTicks":[{"__symbolic":"property","decorators":[{"__symbolic":"call","expression":{"__symbolic":"reference","module":"@angular/core","name":"Input","line":87,"character":3}}]}],"yAxisTicks":[{"__symbolic":"property","decorators":[{"__symbolic":"call","expression":{"__symbolic":"reference","module":"@angular/core","name":"Input","line":88,"character":3}}]}],"tooltipDisabled":[{"__symbolic":"property","decorators":[{"__symbolic":"call","expression":{"__symbolic":"reference","module":"@angular/core","name":"Input","line":89,"character":3}}]}],"tooltipText":[{"__symbolic":"property","decorators":[{"__symbolic":"call","expression":{"__symbolic":"reference","module":"@angular/core","name":"Input","line":90,"character":3}}]}],"min":[{"__symbolic":"property","decorators":[{"__symbolic":"call","expression":{"__symbolic":"reference","module":"@angular/core","name":"Input","line":91,"character":3}}]}],"max":[{"__symbolic":"property","decorators":[{"__symbolic":"call","expression":{"__symbolic":"reference","module":"@angular/core","name":"Input","line":92,"character":3}}]}],"tooltipTemplate":[{"__symbolic":"property","decorators":[{"__symbolic":"call","expression":{"__symbolic":"reference","module":"@angular/core","name":"ContentChild","line":94,"character":3},"arguments":["tooltipTemplate"]}]}],"update":[{"__symbolic":"method"}],"getXDomain":[{"__symbolic":"method"}],"getYDomain":[{"__symbolic":"method"}],"getValueDomain":[{"__symbolic":"method"}],"getDimension":[{"__symbolic":"method"}],"getXScale":[{"__symbolic":"method"}],"getYScale":[{"__symbolic":"method"}],"getRects":[{"__symbolic":"method"}],"onClick":[{"__symbolic":"method"}],"setColors":[{"__symbolic":"method"}],"getLegendOptions":[{"__symbolic":"method"}],"updateYAxisWidth":[{"__symbolic":"method"}],"updateXAxisHeight":[{"__symbolic":"method"}]}}}}]