[{"__symbolic":"module","version":4,"metadata":{"ChartComponent":{"__symbolic":"class","decorators":[{"__symbolic":"call","expression":{"__symbolic":"reference","module":"@angular/core","name":"Component","line":12,"character":1},"arguments":[{"providers":[{"__symbolic":"reference","module":"../tooltip","name":"TooltipService","line":13,"character":14}],"selector":"ngx-charts-chart","template":"\n    <div\n      class=\"ngx-charts-outer\"\n      [style.width.px]=\"view[0]\"\n      [@animationState]=\"'active'\"\n      [@.disabled]=\"!animations\">\n      <svg\n        class=\"ngx-charts\"\n        [attr.width]=\"chartWidth\"\n        [attr.height]=\"view[1]\">\n        <ng-content></ng-content>\n      </svg>\n      <ngx-charts-scale-legend\n        *ngIf=\"showLegend && legendType === 'scaleLegend'\"\n        class=\"chart-legend\"\n        [horizontal]=\"legendOptions && legendOptions.position === 'below'\"\n        [valueRange]=\"legendOptions.domain\"\n        [colors]=\"legendOptions.colors\"\n        [height]=\"view[1]\"\n        [width]=\"legendWidth\">\n      </ngx-charts-scale-legend>\n      <ngx-charts-legend\n        *ngIf=\"showLegend && legendType === 'legend'\"\n        class=\"chart-legend\"\n        [horizontal]=\"legendOptions && legendOptions.position === 'below'\"\n        [data]=\"legendOptions.domain\"\n        [title]=\"legendOptions.title\"\n        [colors]=\"legendOptions.colors\"\n        [height]=\"view[1]\"\n        [width]=\"legendWidth\"\n        [activeEntries]=\"activeEntries\"\n        (labelClick)=\"legendLabelClick.emit($event)\"\n        (labelActivate)=\"legendLabelActivate.emit($event)\"\n        (labelDeactivate)=\"legendLabelDeactivate.emit($event)\">\n      </ngx-charts-legend>\n    </div>\n  ","changeDetection":{"__symbolic":"select","expression":{"__symbolic":"reference","module":"@angular/core","name":"ChangeDetectionStrategy","line":52,"character":19},"member":"OnPush"},"animations":[{"__symbolic":"call","expression":{"__symbolic":"reference","module":"@angular/animations","name":"trigger","line":54,"character":4},"arguments":["animationState",[{"__symbolic":"call","expression":{"__symbolic":"reference","module":"@angular/animations","name":"transition","line":55,"character":6},"arguments":[":enter",[{"__symbolic":"call","expression":{"__symbolic":"reference","module":"@angular/animations","name":"style","line":56,"character":8},"arguments":[{"opacity":0}]},{"__symbolic":"call","expression":{"__symbolic":"reference","module":"@angular/animations","name":"animate","line":57,"character":8},"arguments":["500ms 100ms",{"__symbolic":"call","expression":{"__symbolic":"reference","module":"@angular/animations","name":"style","line":57,"character":31},"arguments":[{"opacity":1}]}]}]]}]]}]}]}],"members":{"view":[{"__symbolic":"property","decorators":[{"__symbolic":"call","expression":{"__symbolic":"reference","module":"@angular/core","name":"Input","line":64,"character":3}}]}],"showLegend":[{"__symbolic":"property","decorators":[{"__symbolic":"call","expression":{"__symbolic":"reference","module":"@angular/core","name":"Input","line":65,"character":3}}]}],"legendOptions":[{"__symbolic":"property","decorators":[{"__symbolic":"call","expression":{"__symbolic":"reference","module":"@angular/core","name":"Input","line":66,"character":3}}]}],"data":[{"__symbolic":"property","decorators":[{"__symbolic":"call","expression":{"__symbolic":"reference","module":"@angular/core","name":"Input","line":69,"character":3}}]}],"legendData":[{"__symbolic":"property","decorators":[{"__symbolic":"call","expression":{"__symbolic":"reference","module":"@angular/core","name":"Input","line":70,"character":3}}]}],"legendType":[{"__symbolic":"property","decorators":[{"__symbolic":"call","expression":{"__symbolic":"reference","module":"@angular/core","name":"Input","line":71,"character":3}}]}],"colors":[{"__symbolic":"property","decorators":[{"__symbolic":"call","expression":{"__symbolic":"reference","module":"@angular/core","name":"Input","line":72,"character":3}}]}],"activeEntries":[{"__symbolic":"property","decorators":[{"__symbolic":"call","expression":{"__symbolic":"reference","module":"@angular/core","name":"Input","line":73,"character":3}}]}],"animations":[{"__symbolic":"property","decorators":[{"__symbolic":"call","expression":{"__symbolic":"reference","module":"@angular/core","name":"Input","line":74,"character":3}}]}],"legendLabelClick":[{"__symbolic":"property","decorators":[{"__symbolic":"call","expression":{"__symbolic":"reference","module":"@angular/core","name":"Output","line":76,"character":3}}]}],"legendLabelActivate":[{"__symbolic":"property","decorators":[{"__symbolic":"call","expression":{"__symbolic":"reference","module":"@angular/core","name":"Output","line":77,"character":3}}]}],"legendLabelDeactivate":[{"__symbolic":"property","decorators":[{"__symbolic":"call","expression":{"__symbolic":"reference","module":"@angular/core","name":"Output","line":78,"character":3}}]}],"__ctor__":[{"__symbolic":"constructor","parameters":[{"__symbolic":"reference","module":"@angular/core","name":"ViewContainerRef","line":85,"character":17},{"__symbolic":"reference","module":"../tooltip","name":"TooltipService","line":86,"character":28}]}],"ngOnChanges":[{"__symbolic":"method"}],"update":[{"__symbolic":"method"}],"getLegendType":[{"__symbolic":"method"}]}}}}]