[{"__symbolic":"module","version":4,"metadata":{"LineSeriesComponent":{"__symbolic":"class","decorators":[{"__symbolic":"call","expression":{"__symbolic":"reference","module":"@angular/core","name":"Component","line":12,"character":1},"arguments":[{"selector":"g[ngx-charts-line-series]","template":"\n    <svg:g>\n      <defs>\n        <svg:g ngx-charts-svg-linear-gradient *ngIf=\"hasGradient\"\n          orientation=\"vertical\"\n          [name]=\"gradientId\"\n          [stops]=\"gradientStops\"\n        />\n      </defs>\n      <svg:g ngx-charts-area\n        class=\"line-highlight\"\n        [data]=\"data\"\n        [path]=\"areaPath\"\n        [fill]=\"hasGradient ? gradientUrl : colors.getColor(data.name)\"\n        [opacity]=\"0.25\"\n        [startOpacity]=\"0\"\n        [gradient]=\"true\"\n        [stops]=\"areaGradientStops\"\n        [class.active]=\"isActive(data)\"\n        [class.inactive]=\"isInactive(data)\"\n        [animations]=\"animations\"\n      />\n      <svg:g ngx-charts-line\n        class=\"line-series\"\n        [data]=\"data\"\n        [path]=\"path\"\n        [stroke]=\"stroke\"\n        [animations]=\"animations\"\n        [class.active]=\"isActive(data)\"\n        [class.inactive]=\"isInactive(data)\"\n      />\n     <svg:g ngx-charts-area\n        *ngIf=\"hasRange\"\n        class=\"line-series-range\"\n        [data]=\"data\"\n        [path]=\"outerPath\"\n        [fill]=\"hasGradient ? gradientUrl : colors.getColor(data.name)\"\n        [class.active]=\"isActive(data)\"\n        [class.inactive]=\"isInactive(data)\"\n        [opacity]=\"rangeFillOpacity\"\n        [animations]=\"animations\"\n      />\n    </svg:g>\n  ","changeDetection":{"__symbolic":"select","expression":{"__symbolic":"reference","module":"@angular/core","name":"ChangeDetectionStrategy","line":58,"character":19},"member":"OnPush"}}]}],"members":{"data":[{"__symbolic":"property","decorators":[{"__symbolic":"call","expression":{"__symbolic":"reference","module":"@angular/core","name":"Input","line":62,"character":3}}]}],"xScale":[{"__symbolic":"property","decorators":[{"__symbolic":"call","expression":{"__symbolic":"reference","module":"@angular/core","name":"Input","line":63,"character":3}}]}],"yScale":[{"__symbolic":"property","decorators":[{"__symbolic":"call","expression":{"__symbolic":"reference","module":"@angular/core","name":"Input","line":64,"character":3}}]}],"colors":[{"__symbolic":"property","decorators":[{"__symbolic":"call","expression":{"__symbolic":"reference","module":"@angular/core","name":"Input","line":65,"character":3}}]}],"scaleType":[{"__symbolic":"property","decorators":[{"__symbolic":"call","expression":{"__symbolic":"reference","module":"@angular/core","name":"Input","line":66,"character":3}}]}],"curve":[{"__symbolic":"property","decorators":[{"__symbolic":"call","expression":{"__symbolic":"reference","module":"@angular/core","name":"Input","line":67,"character":3}}]}],"activeEntries":[{"__symbolic":"property","decorators":[{"__symbolic":"call","expression":{"__symbolic":"reference","module":"@angular/core","name":"Input","line":68,"character":3}}]}],"rangeFillOpacity":[{"__symbolic":"property","decorators":[{"__symbolic":"call","expression":{"__symbolic":"reference","module":"@angular/core","name":"Input","line":69,"character":3}}]}],"hasRange":[{"__symbolic":"property","decorators":[{"__symbolic":"call","expression":{"__symbolic":"reference","module":"@angular/core","name":"Input","line":70,"character":3}}]}],"animations":[{"__symbolic":"property","decorators":[{"__symbolic":"call","expression":{"__symbolic":"reference","module":"@angular/core","name":"Input","line":71,"character":3}}]}],"ngOnChanges":[{"__symbolic":"method"}],"update":[{"__symbolic":"method"}],"getLineGenerator":[{"__symbolic":"method"}],"getRangeGenerator":[{"__symbolic":"method"}],"getAreaGenerator":[{"__symbolic":"method"}],"sortData":[{"__symbolic":"method"}],"updateGradients":[{"__symbolic":"method"}],"isActive":[{"__symbolic":"method"}],"isInactive":[{"__symbolic":"method"}]}}}}]