[{"__symbolic":"module","version":4,"metadata":{"LineComponent":{"__symbolic":"class","decorators":[{"__symbolic":"call","expression":{"__symbolic":"reference","module":"@angular/core","name":"Component","line":18,"character":1},"arguments":[{"selector":"g[ngx-charts-line]","template":"\n    <svg:path\n      [@animationState]=\"'active'\"\n      class=\"line\"\n      [attr.d]=\"initialPath\"\n      [attr.fill]=\"fill\"\n      [attr.stroke]=\"stroke\"\n      stroke-width=\"1.5px\"\n    />\n  ","changeDetection":{"__symbolic":"select","expression":{"__symbolic":"reference","module":"@angular/core","name":"ChangeDetectionStrategy","line":30,"character":19},"member":"OnPush"},"animations":[{"__symbolic":"call","expression":{"__symbolic":"reference","module":"@angular/animations","name":"trigger","line":32,"character":4},"arguments":["animationState",[{"__symbolic":"call","expression":{"__symbolic":"reference","module":"@angular/animations","name":"transition","line":33,"character":6},"arguments":[":enter",[{"__symbolic":"call","expression":{"__symbolic":"reference","module":"@angular/animations","name":"style","line":34,"character":8},"arguments":[{"strokeDasharray":2000,"strokeDashoffset":2000}]},{"__symbolic":"call","expression":{"__symbolic":"reference","module":"@angular/animations","name":"animate","line":38,"character":8},"arguments":[1000,{"__symbolic":"call","expression":{"__symbolic":"reference","module":"@angular/animations","name":"style","line":38,"character":22},"arguments":[{"strokeDashoffset":0}]}]}]]}]]}]}]}],"members":{"path":[{"__symbolic":"property","decorators":[{"__symbolic":"call","expression":{"__symbolic":"reference","module":"@angular/core","name":"Input","line":47,"character":3}}]}],"stroke":[{"__symbolic":"property","decorators":[{"__symbolic":"call","expression":{"__symbolic":"reference","module":"@angular/core","name":"Input","line":48,"character":3}}]}],"data":[{"__symbolic":"property","decorators":[{"__symbolic":"call","expression":{"__symbolic":"reference","module":"@angular/core","name":"Input","line":49,"character":3}}]}],"fill":[{"__symbolic":"property","decorators":[{"__symbolic":"call","expression":{"__symbolic":"reference","module":"@angular/core","name":"Input","line":50,"character":3}}]}],"animations":[{"__symbolic":"property","decorators":[{"__symbolic":"call","expression":{"__symbolic":"reference","module":"@angular/core","name":"Input","line":51,"character":3}}]}],"select":[{"__symbolic":"property","decorators":[{"__symbolic":"call","expression":{"__symbolic":"reference","module":"@angular/core","name":"Output","line":53,"character":3}}]}],"__ctor__":[{"__symbolic":"constructor","parameters":[{"__symbolic":"reference","module":"@angular/core","name":"ElementRef","line":58,"character":31}]}],"ngOnChanges":[{"__symbolic":"method"}],"updatePathEl":[{"__symbolic":"method"}]}}}}]