[{"__symbolic":"module","version":4,"metadata":{"LineChartModule":{"__symbolic":"class","decorators":[{"__symbolic":"call","expression":{"__symbolic":"reference","module":"@angular/core","name":"NgModule","line":6,"character":1},"arguments":[{"imports":[{"__symbolic":"reference","module":"../common/chart-common.module","name":"ChartCommonModule","line":7,"character":12}],"declarations":[{"__symbolic":"reference","module":"./line.component","name":"LineComponent","line":9,"character":4},{"__symbolic":"reference","module":"./line-chart.component","name":"LineChartComponent","line":10,"character":4},{"__symbolic":"reference","module":"./line-series.component","name":"LineSeriesComponent","line":11,"character":4}],"exports":[{"__symbolic":"reference","module":"./line.component","name":"LineComponent","line":14,"character":4},{"__symbolic":"reference","module":"./line-chart.component","name":"LineChartComponent","line":15,"character":4},{"__symbolic":"reference","module":"./line-series.component","name":"LineSeriesComponent","line":16,"character":4}]}]}]}}}]